time_bin,detectorID,density_attack,density_base
0.0,E0_0m,20.86,20.86
0.0,E0_1000m,19.59,19.59
0.0,E0_100m,21.14,21.14
0.0,E0_1100m,19.38,19.38
0.0,E0_1200m,19.19,19.19
0.0,E0_1300m,18.98,18.98
0.0,E0_1400m,18.75,18.75
0.0,E0_1500m,18.51,18.51
0.0,E0_1600m,18.24,18.24
0.0,E0_1700m,17.94,17.94
0.0,E0_1800m,17.7,17.7
0.0,E0_1900m,17.42,17.42
0.0,E0_2000m,17.14,17.14
0.0,E0_200m,21.05,21.05
0.0,E0_2100m,16.85,16.85
0.0,E0_2200m,16.53,16.53
0.0,E0_2300m,16.26,16.26
0.0,E0_2400m,15.95,15.95
0.0,E0_2500m,15.61,15.61
0.0,E0_2600m,15.3,15.3
0.0,E0_2700m,14.95,14.95
0.0,E0_2800m,14.58,14.58
0.0,E0_2900m,14.24,14.24
0.0,E0_3000m,13.92,13.92
0.0,E0_300m,20.89,20.89
0.0,E0_3100m,13.58,13.58
0.0,E0_3200m,13.29,13.29
0.0,E0_3300m,12.95,12.95
0.0,E0_3400m,12.59,12.59
0.0,E0_3500m,12.23,12.23
0.0,E0_3600m,11.88,11.88
0.0,E0_3700m,11.52,11.52
0.0,E0_3800m,11.18,11.18
0.0,E0_3900m,10.87,10.87
0.0,E0_4000m,10.55,10.55
0.0,E0_400m,20.72,20.72
0.0,E0_4100m,10.23,10.23
0.0,E0_4200m,9.92,9.92
0.0,E0_4300m,9.58,9.58
0.0,E0_4400m,9.24,9.24
0.0,E0_4500m,8.91,8.91
0.0,E0_4600m,8.54,8.54
0.0,E0_4700m,8.19,8.19
0.0,E0_4800m,7.86,7.86
0.0,E0_4900m,7.55,7.55
0.0,E0_500m,20.56,20.56
0.0,E0_600m,20.4,20.4
0.0,E0_700m,20.2,20.2
0.0,E0_800m,19.99,19.99
0.0,E0_900m,19.79,19.79
300.0,E0_0m,21.66,21.66
300.0,E0_1000m,22.82,22.82
300.0,E0_100m,21.96,21.96
300.0,E0_1100m,22.94,22.94
300.0,E0_1200m,23.0,23.0
300.0,E0_1300m,23.1,23.1
300.0,E0_1400m,23.13,23.13
300.0,E0_1500m,23.19,23.19
300.0,E0_1600m,23.26,23.26
300.0,E0_1700m,23.34,23.34
300.0,E0_1800m,23.4,23.4
300.0,E0_1900m,23.43,23.43
300.0,E0_2000m,23.48,23.48
300.0,E0_200m,21.91,21.91
300.0,E0_2100m,23.5,23.5
300.0,E0_2200m,23.54,23.54
300.0,E0_2300m,23.56,23.56
300.0,E0_2400m,23.57,23.57
300.0,E0_2500m,23.57,23.57
300.0,E0_2600m,23.62,23.62
300.0,E0_2700m,23.66,23.66
300.0,E0_2800m,23.71,23.71
300.0,E0_2900m,23.74,23.74
300.0,E0_3000m,23.84,23.84
300.0,E0_300m,21.99,21.99
300.0,E0_3100m,23.88,23.88
300.0,E0_3200m,23.88,23.88
300.0,E0_3300m,23.93,23.93
300.0,E0_3400m,23.98,23.98
300.0,E0_3500m,24.06,24.06
300.0,E0_3600m,24.1,24.1
300.0,E0_3700m,24.16,24.16
300.0,E0_3800m,24.2,24.2
300.0,E0_3900m,24.26,24.26
300.0,E0_4000m,24.22,24.22
300.0,E0_400m,22.16,22.16
300.0,E0_4100m,24.22,24.22
300.0,E0_4200m,24.15,24.15
300.0,E0_4300m,24.15,24.15
300.0,E0_4400m,24.09,24.09
300.0,E0_4500m,24.1,24.1
300.0,E0_4600m,24.14,24.14
300.0,E0_4700m,24.14,24.14
300.0,E0_4800m,24.08,24.08
300.0,E0_4900m,23.92,23.92
300.0,E0_500m,22.25,22.25
300.0,E0_600m,22.37,22.37
300.0,E0_700m,22.47,22.47
300.0,E0_800m,22.53,22.53
300.0,E0_900m,22.69,22.69
600.0,E0_0m,22.09,21.81
600.0,E0_1000m,22.96,22.9
600.0,E0_100m,22.25,22.12
600.0,E0_1100m,23.0,23.0
600.0,E0_1200m,23.11,23.09
600.0,E0_1300m,23.21,23.18
600.0,E0_1400m,23.31,23.31
600.0,E0_1500m,23.32,23.3
600.0,E0_1600m,23.3,23.28
600.0,E0_1700m,23.36,23.36
600.0,E0_1800m,23.42,23.4
600.0,E0_1900m,23.44,23.43
600.0,E0_2000m,23.48,23.48
600.0,E0_200m,22.24,22.14
600.0,E0_2100m,23.51,23.52
600.0,E0_2200m,23.57,23.61
600.0,E0_2300m,23.68,23.67
600.0,E0_2400m,23.82,23.71
600.0,E0_2500m,24.02,23.83
600.0,E0_2600m,24.24,23.88
600.0,E0_2700m,24.57,23.92
600.0,E0_2800m,25.12,23.95
600.0,E0_2900m,25.99,23.97
600.0,E0_3000m,26.84,24.02
600.0,E0_300m,22.3,22.19
600.0,E0_3100m,26.71,24.1
600.0,E0_3200m,26.64,24.17
600.0,E0_3300m,26.55,24.24
600.0,E0_3400m,26.45,24.24
600.0,E0_3500m,26.43,24.21
600.0,E0_3600m,26.35,24.17
600.0,E0_3700m,26.29,24.14
600.0,E0_3800m,26.22,24.12
600.0,E0_3900m,25.87,24.15
600.0,E0_4000m,23.43,24.13
600.0,E0_400m,22.33,22.27
600.0,E0_4100m,22.66,24.2
600.0,E0_4200m,22.71,24.21
600.0,E0_4300m,22.84,24.25
600.0,E0_4400m,22.99,24.29
600.0,E0_4500m,23.14,24.37
600.0,E0_4600m,23.22,24.35
600.0,E0_4700m,23.28,24.38
600.0,E0_4800m,23.37,24.36
600.0,E0_4900m,23.43,24.35
600.0,E0_500m,22.49,22.45
600.0,E0_600m,22.59,22.54
600.0,E0_700m,22.72,22.68
600.0,E0_800m,22.76,22.71
600.0,E0_900m,22.86,22.8
900.0,E0_0m,21.42,21.2
900.0,E0_1000m,22.36,22.41
900.0,E0_100m,21.59,21.48
900.0,E0_1100m,22.44,22.44
900.0,E0_1200m,22.47,22.5
900.0,E0_1300m,22.47,22.49
900.0,E0_1400m,22.51,22.56
900.0,E0_1500m,22.62,22.62
900.0,E0_1600m,22.72,22.7
900.0,E0_1700m,22.8,22.78
900.0,E0_1800m,22.84,22.83
900.0,E0_1900m,22.94,22.85
900.0,E0_2000m,23.01,22.93
900.0,E0_200m,21.54,21.47
900.0,E0_2100m,23.12,23.02
900.0,E0_2200m,23.19,23.04
900.0,E0_2300m,23.25,23.06
900.0,E0_2400m,23.36,23.05
900.0,E0_2500m,23.49,23.09
900.0,E0_2600m,23.72,23.14
900.0,E0_2700m,24.1,23.19
900.0,E0_2800m,24.77,23.22
900.0,E0_2900m,25.76,23.32
900.0,E0_3000m,26.68,23.39
900.0,E0_300m,21.6,21.6
900.0,E0_3100m,26.57,23.43
900.0,E0_3200m,26.58,23.48
900.0,E0_3300m,26.6,23.56
900.0,E0_3400m,26.68,23.65
900.0,E0_3500m,26.72,23.72
900.0,E0_3600m,26.85,23.82
900.0,E0_3700m,26.86,23.98
900.0,E0_3800m,26.86,24.09
900.0,E0_3900m,26.54,24.17
900.0,E0_4000m,23.87,24.21
900.0,E0_400m,21.71,21.74
900.0,E0_4100m,22.91,24.29
900.0,E0_4200m,22.86,24.35
900.0,E0_4300m,22.96,24.39
900.0,E0_4400m,23.02,24.38
900.0,E0_4500m,23.08,24.36
900.0,E0_4600m,23.16,24.28
900.0,E0_4700m,23.15,24.24
900.0,E0_4800m,23.22,24.18
900.0,E0_4900m,23.19,24.07
900.0,E0_500m,21.86,21.87
900.0,E0_600m,21.96,21.98
900.0,E0_700m,22.08,22.09
900.0,E0_800m,22.22,22.22
900.0,E0_900m,22.32,22.36
1200.0,E0_0m,21.75,21.5
1200.0,E0_1000m,22.68,22.61
1200.0,E0_100m,22.05,21.9
1200.0,E0_1100m,22.82,22.8
1200.0,E0_1200m,22.86,22.85
1200.0,E0_1300m,22.92,22.93
1200.0,E0_1400m,22.97,22.93
1200.0,E0_1500m,23.03,22.98
1200.0,E0_1600m,23.07,23.04
1200.0,E0_1700m,23.17,23.1
1200.0,E0_1800m,23.26,23.22
1200.0,E0_1900m,23.3,23.25
1200.0,E0_2000m,23.31,23.28
1200.0,E0_200m,22.0,21.89
1200.0,E0_2100m,23.36,23.29
1200.0,E0_2200m,23.4,23.39
1200.0,E0_2300m,23.53,23.5
1200.0,E0_2400m,23.73,23.62
1200.0,E0_2500m,23.87,23.71
1200.0,E0_2600m,24.04,23.73
1200.0,E0_2700m,24.32,23.71
1200.0,E0_2800m,24.77,23.68
1200.0,E0_2900m,25.65,23.67
1200.0,E0_3000m,26.49,23.66
1200.0,E0_300m,22.09,22.02
1200.0,E0_3100m,26.39,23.64
1200.0,E0_3200m,26.26,23.62
1200.0,E0_3300m,26.2,23.57
1200.0,E0_3400m,26.16,23.54
1200.0,E0_3500m,26.16,23.53
1200.0,E0_3600m,26.1,23.48
1200.0,E0_3700m,26.13,23.42
1200.0,E0_3800m,26.12,23.45
1200.0,E0_3900m,25.81,23.46
1200.0,E0_4000m,23.28,23.43
1200.0,E0_400m,22.21,22.15
1200.0,E0_4100m,22.4,23.4
1200.0,E0_4200m,22.28,23.33
1200.0,E0_4300m,22.35,23.24
1200.0,E0_4400m,22.46,23.2
1200.0,E0_4500m,22.54,23.2
1200.0,E0_4600m,22.61,23.27
1200.0,E0_4700m,22.64,23.24
1200.0,E0_4800m,22.68,23.26
1200.0,E0_4900m,22.69,23.23
1200.0,E0_500m,22.26,22.18
1200.0,E0_600m,22.32,22.26
1200.0,E0_700m,22.4,22.35
1200.0,E0_800m,22.47,22.43
1200.0,E0_900m,22.6,22.54
1500.0,E0_0m,21.52,21.27
1500.0,E0_1000m,22.38,22.42
1500.0,E0_100m,21.6,21.47
1500.0,E0_1100m,22.49,22.49
1500.0,E0_1200m,22.64,22.6
1500.0,E0_1300m,22.72,22.68
1500.0,E0_1400m,22.84,22.78
1500.0,E0_1500m,22.96,22.86
1500.0,E0_1600m,23.01,22.93
1500.0,E0_1700m,23.1,22.98
1500.0,E0_1800m,23.14,23.05
1500.0,E0_1900m,23.27,23.15
1500.0,E0_2000m,23.34,23.23
1500.0,E0_200m,21.57,21.5
1500.0,E0_2100m,23.41,23.32
1500.0,E0_2200m,23.44,23.36
1500.0,E0_2300m,23.48,23.31
1500.0,E0_2400m,23.45,23.24
1500.0,E0_2500m,23.52,23.23
1500.0,E0_2600m,23.71,23.25
1500.0,E0_2700m,24.08,23.32
1500.0,E0_2800m,24.65,23.39
1500.0,E0_2900m,25.64,23.45
1500.0,E0_3000m,26.65,23.47
1500.0,E0_300m,21.64,21.62
1500.0,E0_3100m,26.55,23.5
1500.0,E0_3200m,26.53,23.56
1500.0,E0_3300m,26.56,23.58
1500.0,E0_3400m,26.63,23.67
1500.0,E0_3500m,26.67,23.8
1500.0,E0_3600m,26.68,23.93
1500.0,E0_3700m,26.64,23.95
1500.0,E0_3800m,26.58,23.95
1500.0,E0_3900m,26.26,23.94
1500.0,E0_4000m,23.62,23.95
1500.0,E0_400m,21.74,21.7
1500.0,E0_4100m,22.72,24.01
1500.0,E0_4200m,22.76,24.08
1500.0,E0_4300m,22.9,24.17
1500.0,E0_4400m,23.04,24.17
1500.0,E0_4500m,23.1,24.19
1500.0,E0_4600m,23.19,24.18
1500.0,E0_4700m,23.3,24.16
1500.0,E0_4800m,23.34,24.11
1500.0,E0_4900m,23.41,24.1
1500.0,E0_500m,21.84,21.81
1500.0,E0_600m,21.95,21.95
1500.0,E0_700m,22.05,22.02
1500.0,E0_800m,22.2,22.18
1500.0,E0_900m,22.3,22.31
1800.0,E0_0m,21.6,21.34
1800.0,E0_1000m,22.63,22.51
1800.0,E0_100m,21.82,21.67
1800.0,E0_1100m,22.72,22.58
1800.0,E0_1200m,22.79,22.66
1800.0,E0_1300m,22.86,22.73
1800.0,E0_1400m,22.91,22.81
1800.0,E0_1500m,22.97,22.83
1800.0,E0_1600m,22.97,22.82
1800.0,E0_1700m,22.99,22.86
1800.0,E0_1800m,22.99,22.9
1800.0,E0_1900m,23.0,22.9
1800.0,E0_2000m,23.03,22.92
1800.0,E0_200m,21.87,21.73
1800.0,E0_2100m,23.05,22.88
1800.0,E0_2200m,23.08,22.91
1800.0,E0_2300m,23.16,22.97
1800.0,E0_2400m,23.25,23.01
1800.0,E0_2500m,23.34,23.04
1800.0,E0_2600m,23.53,23.04
1800.0,E0_2700m,23.82,23.08
1800.0,E0_2800m,24.31,23.13
1800.0,E0_2900m,25.26,23.2
1800.0,E0_3000m,26.22,23.29
1800.0,E0_300m,21.96,21.87
1800.0,E0_3100m,26.06,23.32
1800.0,E0_3200m,26.04,23.32
1800.0,E0_3300m,25.98,23.4
1800.0,E0_3400m,26.04,23.46
1800.0,E0_3500m,25.99,23.45
1800.0,E0_3600m,26.09,23.47
1800.0,E0_3700m,26.12,23.59
1800.0,E0_3800m,26.16,23.64
1800.0,E0_3900m,25.86,23.72
1800.0,E0_4000m,23.41,23.75
1800.0,E0_400m,22.02,21.91
1800.0,E0_4100m,22.48,23.75
1800.0,E0_4200m,22.42,23.73
1800.0,E0_4300m,22.48,23.7
1800.0,E0_4400m,22.58,23.65
1800.0,E0_4500m,22.64,23.65
1800.0,E0_4600m,22.7,23.65
1800.0,E0_4700m,22.72,23.61
1800.0,E0_4800m,22.77,23.62
1800.0,E0_4900m,22.8,23.61
1800.0,E0_500m,22.15,22.04
1800.0,E0_600m,22.26,22.17
1800.0,E0_700m,22.36,22.26
1800.0,E0_800m,22.38,22.29
1800.0,E0_900m,22.5,22.39
2100.0,E0_0m,21.92,21.72
2100.0,E0_1000m,22.5,22.63
2100.0,E0_100m,22.12,22.06
2100.0,E0_1100m,22.56,22.67
2100.0,E0_1200m,22.62,22.76
2100.0,E0_1300m,22.72,22.84
2100.0,E0_1400m,22.78,22.91
2100.0,E0_1500m,22.91,23.02
2100.0,E0_1600m,23.04,23.07
2100.0,E0_1700m,23.08,23.15
2100.0,E0_1800m,23.14,23.19
2100.0,E0_1900m,23.23,23.3
2100.0,E0_2000m,23.32,23.41
2100.0,E0_200m,22.1,22.06
2100.0,E0_2100m,23.41,23.49
2100.0,E0_2200m,23.5,23.55
2100.0,E0_2300m,23.67,23.6
2100.0,E0_2400m,23.76,23.67
2100.0,E0_2500m,23.98,23.75
2100.0,E0_2600m,24.28,23.78
2100.0,E0_2700m,24.61,23.82
2100.0,E0_2800m,25.15,23.83
2100.0,E0_2900m,26.05,23.82
2100.0,E0_3000m,26.95,23.84
2100.0,E0_300m,22.1,22.11
2100.0,E0_3100m,26.84,23.9
2100.0,E0_3200m,26.8,23.92
2100.0,E0_3300m,26.77,23.94
2100.0,E0_3400m,26.78,23.96
2100.0,E0_3500m,26.69,23.93
2100.0,E0_3600m,26.65,23.89
2100.0,E0_3700m,26.62,23.81
2100.0,E0_3800m,26.54,23.69
2100.0,E0_3900m,26.23,23.72
2100.0,E0_4000m,23.57,23.69
2100.0,E0_400m,22.21,22.26
2100.0,E0_4100m,22.68,23.63
2100.0,E0_4200m,22.68,23.63
2100.0,E0_4300m,22.72,23.63
2100.0,E0_4400m,22.73,23.6
2100.0,E0_4500m,22.81,23.59
2100.0,E0_4600m,22.88,23.57
2100.0,E0_4700m,22.94,23.51
2100.0,E0_4800m,23.01,23.43
2100.0,E0_4900m,23.0,23.35
2100.0,E0_500m,22.25,22.29
2100.0,E0_600m,22.31,22.37
2100.0,E0_700m,22.39,22.46
2100.0,E0_800m,22.44,22.51
2100.0,E0_900m,22.44,22.55
2400.0,E0_0m,22.28,21.21
2400.0,E0_1000m,22.73,22.74
2400.0,E0_100m,21.95,21.54
2400.0,E0_1100m,22.82,22.81
2400.0,E0_1200m,22.87,22.89
2400.0,E0_1300m,22.85,22.95
2400.0,E0_1400m,22.9,23.0
2400.0,E0_1500m,22.93,23.02
2400.0,E0_1600m,23.0,23.07
2400.0,E0_1700m,23.03,23.1
2400.0,E0_1800m,23.07,23.1
2400.0,E0_1900m,23.12,23.1
2400.0,E0_2000m,23.16,23.11
2400.0,E0_200m,21.83,21.57
2400.0,E0_2100m,23.23,23.08
2400.0,E0_2200m,23.4,23.12
2400.0,E0_2300m,23.68,23.19
2400.0,E0_2400m,24.07,23.18
2400.0,E0_2500m,24.65,23.22
2400.0,E0_2600m,25.58,23.28
2400.0,E0_2700m,26.85,23.41
2400.0,E0_2800m,28.49,23.41
2400.0,E0_2900m,30.74,23.48
2400.0,E0_3000m,32.46,23.58
2400.0,E0_300m,21.81,21.69
2400.0,E0_3100m,32.28,23.59
2400.0,E0_3200m,32.08,23.56
2400.0,E0_3300m,31.98,23.58
2400.0,E0_3400m,31.9,23.64
2400.0,E0_3500m,31.79,23.6
2400.0,E0_3600m,31.68,23.66
2400.0,E0_3700m,31.55,23.71
2400.0,E0_3800m,31.47,23.74
2400.0,E0_3900m,30.83,23.76
2400.0,E0_4000m,23.77,23.79
2400.0,E0_400m,21.91,21.85
2400.0,E0_4100m,20.57,23.87
2400.0,E0_4200m,20.46,23.98
2400.0,E0_4300m,20.6,24.04
2400.0,E0_4400m,20.82,24.11
2400.0,E0_4500m,20.94,24.16
2400.0,E0_4600m,21.05,24.16
2400.0,E0_4700m,21.24,24.18
2400.0,E0_4800m,21.32,24.16
2400.0,E0_4900m,21.46,24.13
2400.0,E0_500m,22.06,22.05
2400.0,E0_600m,22.21,22.18
2400.0,E0_700m,22.31,22.31
2400.0,E0_800m,22.44,22.42
2400.0,E0_900m,22.6,22.58
2700.0,E0_0m,22.01,21.04
2700.0,E0_1000m,22.18,22.25
2700.0,E0_100m,21.71,21.35
2700.0,E0_1100m,22.26,22.31
2700.0,E0_1200m,22.29,22.35
2700.0,E0_1300m,22.39,22.41
2700.0,E0_1400m,22.44,22.5
2700.0,E0_1500m,22.52,22.59
2700.0,E0_1600m,22.64,22.66
2700.0,E0_1700m,22.69,22.75
2700.0,E0_1800m,22.78,22.82
2700.0,E0_1900m,22.82,22.84
2700.0,E0_2000m,22.94,22.84
2700.0,E0_200m,21.59,21.39
2700.0,E0_2100m,23.06,22.88
2700.0,E0_2200m,23.33,22.94
2700.0,E0_2300m,23.71,22.92
2700.0,E0_2400m,24.15,22.95
2700.0,E0_2500m,24.79,22.99
2700.0,E0_2600m,25.73,23.01
2700.0,E0_2700m,26.95,23.07
2700.0,E0_2800m,28.66,23.11
2700.0,E0_2900m,30.88,23.22
2700.0,E0_3000m,32.61,23.16
2700.0,E0_300m,21.67,21.54
2700.0,E0_3100m,32.57,23.23
2700.0,E0_3200m,32.55,23.34
2700.0,E0_3300m,32.63,23.41
2700.0,E0_3400m,32.71,23.48
2700.0,E0_3500m,32.79,23.58
2700.0,E0_3600m,32.83,23.62
2700.0,E0_3700m,32.83,23.71
2700.0,E0_3800m,32.85,23.75
2700.0,E0_3900m,32.24,23.76
2700.0,E0_4000m,25.03,23.83
2700.0,E0_400m,21.73,21.63
2700.0,E0_4100m,21.82,23.89
2700.0,E0_4200m,21.66,23.85
2700.0,E0_4300m,21.76,23.81
2700.0,E0_4400m,21.9,23.78
2700.0,E0_4500m,21.96,23.75
2700.0,E0_4600m,22.05,23.7
2700.0,E0_4700m,22.12,23.7
2700.0,E0_4800m,22.18,23.68
2700.0,E0_4900m,22.29,23.64
2700.0,E0_500m,21.74,21.72
2700.0,E0_600m,21.85,21.83
2700.0,E0_700m,21.95,21.97
2700.0,E0_800m,22.04,22.07
2700.0,E0_900m,22.11,22.19
3000.0,E0_0m,22.72,21.74
3000.0,E0_1000m,22.8,22.85
3000.0,E0_100m,22.44,22.04
3000.0,E0_1100m,22.91,22.93
3000.0,E0_1200m,23.02,23.02
3000.0,E0_1300m,23.05,23.06
3000.0,E0_1400m,23.06,23.07
3000.0,E0_1500m,23.09,23.09
3000.0,E0_1600m,23.08,23.12
3000.0,E0_1700m,23.11,23.16
3000.0,E0_1800m,23.19,23.18
3000.0,E0_1900m,23.31,23.27
3000.0,E0_2000m,23.45,23.32
3000.0,E0_200m,22.27,22.08
3000.0,E0_2100m,23.64,23.4
3000.0,E0_2200m,23.78,23.32
3000.0,E0_2300m,24.1,23.39
3000.0,E0_2400m,24.53,23.49
3000.0,E0_2500m,25.14,23.47
3000.0,E0_2600m,26.03,23.45
3000.0,E0_2700m,27.23,23.5
3000.0,E0_2800m,28.89,23.44
3000.0,E0_2900m,31.01,23.4
3000.0,E0_3000m,32.58,23.38
3000.0,E0_300m,22.28,22.18
3000.0,E0_3100m,32.53,23.34
3000.0,E0_3200m,32.44,23.3
3000.0,E0_3300m,32.42,23.28
3000.0,E0_3400m,32.44,23.33
3000.0,E0_3500m,32.4,23.32
3000.0,E0_3600m,32.33,23.31
3000.0,E0_3700m,32.26,23.27
3000.0,E0_3800m,32.26,23.24
3000.0,E0_3900m,31.7,23.19
3000.0,E0_4000m,24.49,23.18
3000.0,E0_400m,22.32,22.29
3000.0,E0_4100m,21.21,23.14
3000.0,E0_4200m,20.99,23.17
3000.0,E0_4300m,21.12,23.18
3000.0,E0_4400m,21.22,23.22
3000.0,E0_4500m,21.43,23.26
3000.0,E0_4600m,21.52,23.25
3000.0,E0_4700m,21.66,23.26
3000.0,E0_4800m,21.81,23.23
3000.0,E0_4900m,21.94,23.26
3000.0,E0_500m,22.4,22.41
3000.0,E0_600m,22.48,22.51
3000.0,E0_700m,22.55,22.61
3000.0,E0_800m,22.64,22.66
3000.0,E0_900m,22.68,22.69
3300.0,E0_0m,22.36,21.39
3300.0,E0_1000m,22.37,22.41
3300.0,E0_100m,21.97,21.62
3300.0,E0_1100m,22.37,22.52
3300.0,E0_1200m,22.47,22.61
3300.0,E0_1300m,22.51,22.68
3300.0,E0_1400m,22.66,22.79
3300.0,E0_1500m,22.77,22.98
3300.0,E0_1600m,22.95,23.09
3300.0,E0_1700m,23.1,23.13
3300.0,E0_1800m,23.24,23.22
3300.0,E0_1900m,23.41,23.35
3300.0,E0_2000m,23.62,23.45
3300.0,E0_200m,21.81,21.58
3300.0,E0_2100m,23.9,23.58
3300.0,E0_2200m,24.2,23.61
3300.0,E0_2300m,24.59,23.69
3300.0,E0_2400m,25.09,23.77
3300.0,E0_2500m,25.73,23.81
3300.0,E0_2600m,26.63,23.86
3300.0,E0_2700m,27.84,23.92
3300.0,E0_2800m,29.47,23.97
3300.0,E0_2900m,31.55,24.06
3300.0,E0_3000m,33.1,24.14
3300.0,E0_300m,21.83,21.65
3300.0,E0_3100m,33.15,24.22
3300.0,E0_3200m,33.17,24.28
3300.0,E0_3300m,33.2,24.3
3300.0,E0_3400m,33.23,24.29
3300.0,E0_3500m,33.29,24.3
3300.0,E0_3600m,33.35,24.32
3300.0,E0_3700m,33.43,24.4
3300.0,E0_3800m,33.44,24.47
3300.0,E0_3900m,32.79,24.52
3300.0,E0_4000m,25.41,24.53
3300.0,E0_400m,21.89,21.78
3300.0,E0_4100m,22.17,24.52
3300.0,E0_4200m,22.0,24.49
3300.0,E0_4300m,22.13,24.44
3300.0,E0_4400m,22.19,24.36
3300.0,E0_4500m,22.35,24.31
3300.0,E0_4600m,22.48,24.24
3300.0,E0_4700m,22.6,24.16
3300.0,E0_4800m,22.64,24.13
3300.0,E0_4900m,22.73,24.07
3300.0,E0_500m,21.98,21.91
3300.0,E0_600m,22.06,22.06
3300.0,E0_700m,22.11,22.18
3300.0,E0_800m,22.18,22.26
3300.0,E0_900m,22.25,22.35
3600.0,E0_0m,22.47,21.51
3600.0,E0_1000m,22.77,22.74
3600.0,E0_100m,22.2,21.87
3600.0,E0_1100m,22.83,22.82
3600.0,E0_1200m,22.84,22.89
3600.0,E0_1300m,22.96,22.99
3600.0,E0_1400m,23.09,23.12
3600.0,E0_1500m,23.16,23.18
3600.0,E0_1600m,23.22,23.22
3600.0,E0_1700m,23.3,23.28
3600.0,E0_1800m,23.29,23.3
3600.0,E0_1900m,23.34,23.31
3600.0,E0_2000m,23.37,23.36
3600.0,E0_200m,22.02,21.85
3600.0,E0_2100m,23.45,23.38
3600.0,E0_2200m,23.7,23.43
3600.0,E0_2300m,23.95,23.48
3600.0,E0_2400m,24.39,23.52
3600.0,E0_2500m,25.12,23.55
3600.0,E0_2600m,26.15,23.64
3600.0,E0_2700m,27.55,23.71
3600.0,E0_2800m,29.31,23.75
3600.0,E0_2900m,31.57,23.76
3600.0,E0_3000m,33.14,23.77
3600.0,E0_300m,22.05,22.0
3600.0,E0_3100m,33.09,23.79
3600.0,E0_3200m,33.01,23.76
3600.0,E0_3300m,32.98,23.75
3600.0,E0_3400m,32.95,23.74
3600.0,E0_3500m,32.88,23.78
3600.0,E0_3600m,32.85,23.8
3600.0,E0_3700m,32.8,23.78
3600.0,E0_3800m,32.76,23.73
3600.0,E0_3900m,32.1,23.74
3600.0,E0_4000m,24.88,23.72
3600.0,E0_400m,22.14,22.07
3600.0,E0_4100m,21.63,23.76
3600.0,E0_4200m,21.44,23.72
3600.0,E0_4300m,21.53,23.74
3600.0,E0_4400m,21.64,23.8
3600.0,E0_4500m,21.76,23.78
3600.0,E0_4600m,21.82,23.81
3600.0,E0_4700m,21.98,23.78
3600.0,E0_4800m,22.13,23.79
3600.0,E0_4900m,22.27,23.76
3600.0,E0_500m,22.2,22.19
3600.0,E0_600m,22.3,22.29
3600.0,E0_700m,22.42,22.41
3600.0,E0_800m,22.52,22.53
3600.0,E0_900m,22.65,22.67
3900.0,E0_0m,22.25,21.3
3900.0,E0_1000m,22.57,22.63
3900.0,E0_100m,21.99,21.68
3900.0,E0_1100m,22.63,22.7
3900.0,E0_1200m,22.77,22.82
3900.0,E0_1300m,22.88,22.9
3900.0,E0_1400m,22.92,22.96
3900.0,E0_1500m,22.93,22.95
3900.0,E0_1600m,22.95,22.98
3900.0,E0_1700m,23.01,23.0
3900.0,E0_1800m,23.05,22.98
3900.0,E0_1900m,23.12,22.99
3900.0,E0_2000m,23.17,23.04
3900.0,E0_200m,21.84,21.72
3900.0,E0_2100m,23.31,23.1
3900.0,E0_2200m,23.45,23.16
3900.0,E0_2300m,23.73,23.14
3900.0,E0_2400m,24.16,23.12
3900.0,E0_2500m,24.76,23.1
3900.0,E0_2600m,25.68,23.08
3900.0,E0_2700m,26.97,23.1
3900.0,E0_2800m,28.62,23.09
3900.0,E0_2900m,30.85,23.14
3900.0,E0_3000m,32.48,23.19
3900.0,E0_300m,21.95,21.85
3900.0,E0_3100m,32.5,23.26
3900.0,E0_3200m,32.5,23.3
3900.0,E0_3300m,32.5,23.34
3900.0,E0_3400m,32.6,23.32
3900.0,E0_3500m,32.64,23.29
3900.0,E0_3600m,32.7,23.29
3900.0,E0_3700m,32.77,23.35
3900.0,E0_3800m,32.85,23.35
3900.0,E0_3900m,32.29,23.39
3900.0,E0_4000m,25.02,23.44
3900.0,E0_400m,22.08,22.04
3900.0,E0_4100m,21.86,23.5
3900.0,E0_4200m,21.72,23.54
3900.0,E0_4300m,21.76,23.62
3900.0,E0_4400m,21.9,23.66
3900.0,E0_4500m,21.98,23.72
3900.0,E0_4600m,22.1,23.73
3900.0,E0_4700m,22.19,23.76
3900.0,E0_4800m,22.27,23.75
3900.0,E0_4900m,22.33,23.74
3900.0,E0_500m,22.14,22.11
3900.0,E0_600m,22.26,22.28
3900.0,E0_700m,22.38,22.37
3900.0,E0_800m,22.45,22.43
3900.0,E0_900m,22.5,22.51
4200.0,E0_0m,23.84,21.57
4200.0,E0_1000m,22.38,22.55
4200.0,E0_100m,22.51,21.86
4200.0,E0_1100m,22.5,22.62
4200.0,E0_1200m,22.54,22.68
4200.0,E0_1300m,22.57,22.72
4200.0,E0_1400m,22.65,22.76
4200.0,E0_1500m,22.71,22.82
4200.0,E0_1600m,22.77,22.92
4200.0,E0_1700m,22.91,22.96
4200.0,E0_1800m,23.14,23.03
4200.0,E0_1900m,23.47,23.12
4200.0,E0_2000m,23.91,23.23
4200.0,E0_200m,22.06,21.85
4200.0,E0_2100m,24.53,23.28
4200.0,E0_2200m,25.34,23.32
4200.0,E0_2300m,26.43,23.48
4200.0,E0_2400m,27.74,23.58
4200.0,E0_2500m,29.31,23.68
4200.0,E0_2600m,31.17,23.8
4200.0,E0_2700m,33.27,23.87
4200.0,E0_2800m,35.84,23.94
4200.0,E0_2900m,39.15,24.0
4200.0,E0_3000m,42.0,24.08
4200.0,E0_300m,21.97,21.85
4200.0,E0_3100m,41.99,24.1
4200.0,E0_3200m,41.88,24.16
4200.0,E0_3300m,41.67,24.25
4200.0,E0_3400m,41.46,24.37
4200.0,E0_3500m,41.2,24.41
4200.0,E0_3600m,40.87,24.43
4200.0,E0_3700m,40.5,24.47
4200.0,E0_3800m,40.11,24.53
4200.0,E0_3900m,38.92,24.55
4200.0,E0_4000m,25.91,24.56
4200.0,E0_400m,21.92,21.95
4200.0,E0_4100m,19.63,24.6
4200.0,E0_4200m,19.04,24.62
4200.0,E0_4300m,19.14,24.56
4200.0,E0_4400m,19.34,24.53
4200.0,E0_4500m,19.46,24.47
4200.0,E0_4600m,19.63,24.38
4200.0,E0_4700m,19.78,24.33
4200.0,E0_4800m,19.86,24.23
4200.0,E0_4900m,19.93,24.12
4200.0,E0_500m,21.99,22.04
4200.0,E0_600m,22.01,22.05
4200.0,E0_700m,22.12,22.21
4200.0,E0_800m,22.23,22.36
4200.0,E0_900m,22.36,22.47
4500.0,E0_0m,24.19,21.68
4500.0,E0_1000m,23.03,23.03
4500.0,E0_100m,22.77,21.98
4500.0,E0_1100m,23.09,23.09
4500.0,E0_1200m,23.21,23.2
4500.0,E0_1300m,23.32,23.23
4500.0,E0_1400m,23.41,23.25
4500.0,E0_1500m,23.58,23.28
4500.0,E0_1600m,23.81,23.37
4500.0,E0_1700m,24.15,23.4
4500.0,E0_1800m,24.51,23.42
4500.0,E0_1900m,25.03,23.46
4500.0,E0_2000m,25.77,23.45
4500.0,E0_200m,22.4,22.05
4500.0,E0_2100m,26.65,23.46
4500.0,E0_2200m,27.66,23.48
4500.0,E0_2300m,28.77,23.52
4500.0,E0_2400m,30.15,23.54
4500.0,E0_2500m,31.79,23.55
4500.0,E0_2600m,33.58,23.62
4500.0,E0_2700m,35.51,23.59
4500.0,E0_2800m,37.67,23.58
4500.0,E0_2900m,40.49,23.63
4500.0,E0_3000m,43.02,23.71
4500.0,E0_300m,22.36,22.2
4500.0,E0_3100m,43.21,23.7
4500.0,E0_3200m,43.24,23.7
4500.0,E0_3300m,43.28,23.68
4500.0,E0_3400m,43.24,23.67
4500.0,E0_3500m,43.28,23.63
4500.0,E0_3600m,43.34,23.64
4500.0,E0_3700m,43.43,23.62
4500.0,E0_3800m,43.44,23.66
4500.0,E0_3900m,42.56,23.66
4500.0,E0_4000m,28.51,23.67
4500.0,E0_400m,22.42,22.41
4500.0,E0_4100m,21.5,23.68
4500.0,E0_4200m,20.8,23.7
4500.0,E0_4300m,20.9,23.72
4500.0,E0_4400m,21.02,23.72
4500.0,E0_4500m,21.2,23.76
4500.0,E0_4600m,21.26,23.78
4500.0,E0_4700m,21.35,23.81
4500.0,E0_4800m,21.44,23.77
4500.0,E0_4900m,21.54,23.75
4500.0,E0_500m,22.53,22.53
4500.0,E0_600m,22.65,22.67
4500.0,E0_700m,22.77,22.8
4500.0,E0_800m,22.8,22.85
4500.0,E0_900m,22.93,22.94
4800.0,E0_0m,24.39,21.71
4800.0,E0_1000m,22.57,22.61
4800.0,E0_100m,22.76,22.02
4800.0,E0_1100m,22.68,22.75
4800.0,E0_1200m,22.77,22.84
4800.0,E0_1300m,22.96,22.94
4800.0,E0_1400m,23.23,23.07
4800.0,E0_1500m,23.57,23.22
4800.0,E0_1600m,23.97,23.24
4800.0,E0_1700m,24.52,23.27
4800.0,E0_1800m,25.28,23.36
4800.0,E0_1900m,26.18,23.42
4800.0,E0_2000m,27.17,23.5
4800.0,E0_200m,22.3,22.02
4800.0,E0_2100m,28.13,23.62
4800.0,E0_2200m,29.22,23.66
4800.0,E0_2300m,30.52,23.72
4800.0,E0_2400m,31.98,23.76
4800.0,E0_2500m,33.58,23.83
4800.0,E0_2600m,35.29,23.91
4800.0,E0_2700m,37.01,23.97
4800.0,E0_2800m,38.86,24.03
4800.0,E0_2900m,41.4,24.05
4800.0,E0_3000m,43.65,24.01
4800.0,E0_300m,22.22,22.07
4800.0,E0_3100m,43.92,24.05
4800.0,E0_3200m,44.01,24.12
4800.0,E0_3300m,44.0,24.18
4800.0,E0_3400m,43.97,24.2
4800.0,E0_3500m,43.94,24.25
4800.0,E0_3600m,43.89,24.26
4800.0,E0_3700m,43.84,24.27
4800.0,E0_3800m,43.83,24.26
4800.0,E0_3900m,42.96,24.22
4800.0,E0_4000m,28.76,24.19
4800.0,E0_400m,22.23,22.15
4800.0,E0_4100m,21.82,24.14
4800.0,E0_4200m,21.17,24.05
4800.0,E0_4300m,21.29,24.03
4800.0,E0_4400m,21.45,24.0
4800.0,E0_4500m,21.58,23.98
4800.0,E0_4600m,21.72,23.94
4800.0,E0_4700m,21.9,23.95
4800.0,E0_4800m,21.98,23.92
4800.0,E0_4900m,22.04,23.93
4800.0,E0_500m,22.28,22.25
4800.0,E0_600m,22.33,22.35
4800.0,E0_700m,22.35,22.41
4800.0,E0_800m,22.44,22.46
4800.0,E0_900m,22.49,22.51
5100.0,E0_0m,23.75,21.15
5100.0,E0_1000m,22.31,22.4
5100.0,E0_100m,22.14,21.49
5100.0,E0_1100m,22.36,22.49
5100.0,E0_1200m,22.48,22.6
5100.0,E0_1300m,22.58,22.61
5100.0,E0_1400m,22.72,22.63
5100.0,E0_1500m,22.95,22.74
5100.0,E0_1600m,23.2,22.84
5100.0,E0_1700m,23.6,22.89
5100.0,E0_1800m,24.16,23.05
5100.0,E0_1900m,24.81,23.03
5100.0,E0_2000m,25.66,23.02
5100.0,E0_200m,21.73,21.49
5100.0,E0_2100m,26.72,23.03
5100.0,E0_2200m,27.96,23.04
5100.0,E0_2300m,29.4,23.03
5100.0,E0_2400m,31.0,23.02
5100.0,E0_2500m,32.67,23.03
5100.0,E0_2600m,34.36,23.03
5100.0,E0_2700m,36.15,22.91
5100.0,E0_2800m,38.12,22.91
5100.0,E0_2900m,40.7,22.92
5100.0,E0_3000m,43.19,22.97
5100.0,E0_300m,21.72,21.54
5100.0,E0_3100m,43.45,23.03
5100.0,E0_3200m,43.54,23.03
5100.0,E0_3300m,43.6,23.05
5100.0,E0_3400m,43.64,23.16
5100.0,E0_3500m,43.66,23.27
5100.0,E0_3600m,43.69,23.36
5100.0,E0_3700m,43.71,23.47
5100.0,E0_3800m,43.76,23.63
5100.0,E0_3900m,42.91,23.7
5100.0,E0_4000m,28.72,23.74
5100.0,E0_400m,21.68,21.63
5100.0,E0_4100m,21.77,23.79
5100.0,E0_4200m,21.16,23.87
5100.0,E0_4300m,21.26,23.96
5100.0,E0_4400m,21.46,23.99
5100.0,E0_4500m,21.63,24.04
5100.0,E0_4600m,21.8,24.04
5100.0,E0_4700m,21.85,24.04
5100.0,E0_4800m,22.0,23.99
5100.0,E0_4900m,22.1,23.96
5100.0,E0_500m,21.76,21.72
5100.0,E0_600m,21.84,21.87
5100.0,E0_700m,21.96,22.01
5100.0,E0_800m,22.02,22.15
5100.0,E0_900m,22.12,22.32
5400.0,E0_0m,23.81,21.19
5400.0,E0_1000m,22.15,22.23
5400.0,E0_100m,22.39,21.52
5400.0,E0_1100m,22.24,22.28
5400.0,E0_1200m,22.33,22.36
5400.0,E0_1300m,22.47,22.48
5400.0,E0_1400m,22.64,22.55
5400.0,E0_1500m,22.79,22.55
5400.0,E0_1600m,23.06,22.56
5400.0,E0_1700m,23.44,22.61
5400.0,E0_1800m,23.96,22.61
5400.0,E0_1900m,24.65,22.7
5400.0,E0_2000m,25.49,22.79
5400.0,E0_200m,22.06,21.54
5400.0,E0_2100m,26.52,22.88
5400.0,E0_2200m,27.64,23.03
5400.0,E0_2300m,28.89,23.14
5400.0,E0_2400m,30.34,23.22
5400.0,E0_2500m,32.06,23.3
5400.0,E0_2600m,33.96,23.35
5400.0,E0_2700m,35.9,23.49
5400.0,E0_2800m,37.94,23.57
5400.0,E0_2900m,40.59,23.69
5400.0,E0_3000m,43.06,23.74
5400.0,E0_300m,21.9,21.65
5400.0,E0_3100m,43.24,23.75
5400.0,E0_3200m,43.35,23.8
5400.0,E0_3300m,43.33,23.82
5400.0,E0_3400m,43.33,23.84
5400.0,E0_3500m,43.29,23.81
5400.0,E0_3600m,43.27,23.81
5400.0,E0_3700m,43.26,23.83
5400.0,E0_3800m,43.22,23.78
5400.0,E0_3900m,42.36,23.73
5400.0,E0_4000m,28.37,23.75
5400.0,E0_400m,21.89,21.78
5400.0,E0_4100m,21.47,23.71
5400.0,E0_4200m,20.77,23.71
5400.0,E0_4300m,20.88,23.66
5400.0,E0_4400m,21.0,23.56
5400.0,E0_4500m,21.1,23.49
5400.0,E0_4600m,21.21,23.4
5400.0,E0_4700m,21.35,23.35
5400.0,E0_4800m,21.46,23.28
5400.0,E0_4900m,21.57,23.21
5400.0,E0_500m,21.97,21.85
5400.0,E0_600m,22.0,22.03
5400.0,E0_700m,22.04,22.09
5400.0,E0_800m,22.08,22.21
5400.0,E0_900m,22.17,22.2
5700.0,E0_0m,24.43,21.65
5700.0,E0_1000m,23.13,22.97
5700.0,E0_100m,22.89,22.01
5700.0,E0_1100m,23.25,23.02
5700.0,E0_1200m,23.43,23.09
5700.0,E0_1300m,23.62,23.16
5700.0,E0_1400m,23.83,23.22
5700.0,E0_1500m,24.13,23.33
5700.0,E0_1600m,24.46,23.36
5700.0,E0_1700m,24.85,23.46
5700.0,E0_1800m,25.24,23.5
5700.0,E0_1900m,25.71,23.56
5700.0,E0_2000m,26.29,23.51
5700.0,E0_200m,22.48,22.07
5700.0,E0_2100m,27.09,23.5
5700.0,E0_2200m,28.09,23.44
5700.0,E0_2300m,29.41,23.41
5700.0,E0_2400m,30.92,23.41
5700.0,E0_2500m,32.53,23.42
5700.0,E0_2600m,34.23,23.44
5700.0,E0_2700m,35.96,23.41
5700.0,E0_2800m,37.92,23.43
5700.0,E0_2900m,40.67,23.43
5700.0,E0_3000m,43.17,23.39
5700.0,E0_300m,22.37,22.11
5700.0,E0_3100m,43.35,23.36
5700.0,E0_3200m,43.44,23.36
5700.0,E0_3300m,43.46,23.38
5700.0,E0_3400m,43.51,23.4
5700.0,E0_3500m,43.51,23.42
5700.0,E0_3600m,43.52,23.45
5700.0,E0_3700m,43.46,23.47
5700.0,E0_3800m,43.48,23.46
5700.0,E0_3900m,42.54,23.53
5700.0,E0_4000m,28.47,23.64
5700.0,E0_400m,22.35,22.25
5700.0,E0_4100m,21.6,23.66
5700.0,E0_4200m,20.96,23.69
5700.0,E0_4300m,21.05,23.76
5700.0,E0_4400m,21.25,23.83
5700.0,E0_4500m,21.36,23.9
5700.0,E0_4600m,21.46,23.9
5700.0,E0_4700m,21.56,23.9
5700.0,E0_4800m,21.58,23.84
5700.0,E0_4900m,21.67,23.8
5700.0,E0_500m,22.4,22.3
5700.0,E0_600m,22.49,22.42
5700.0,E0_700m,22.61,22.51
5700.0,E0_800m,22.78,22.65
5700.0,E0_900m,22.98,22.81
6000.0,E0_0m,30.63,21.56
6000.0,E0_1000m,22.39,22.52
6000.0,E0_100m,22.92,21.87
6000.0,E0_1100m,22.67,22.57
6000.0,E0_1200m,23.14,22.63
6000.0,E0_1300m,23.99,22.72
6000.0,E0_1400m,25.03,22.8
6000.0,E0_1500m,26.43,22.86
6000.0,E0_1600m,28.45,22.93
6000.0,E0_1700m,31.16,22.96
6000.0,E0_1800m,34.78,23.11
6000.0,E0_1900m,39.24,23.17
6000.0,E0_2000m,44.43,23.32
6000.0,E0_200m,21.65,21.87
6000.0,E0_2100m,50.04,23.44
6000.0,E0_2200m,55.56,23.5
6000.0,E0_2300m,60.98,23.62
6000.0,E0_2400m,66.7,23.65
6000.0,E0_2500m,72.37,23.69
6000.0,E0_2600m,77.43,23.74
6000.0,E0_2700m,81.92,23.88
6000.0,E0_2800m,85.98,23.94
6000.0,E0_2900m,89.26,24.0
6000.0,E0_3000m,61.82,24.11
6000.0,E0_300m,21.6,21.99
6000.0,E0_3100m,60.55,24.12
6000.0,E0_3200m,61.19,24.2
6000.0,E0_3300m,61.78,24.22
6000.0,E0_3400m,62.37,24.21
6000.0,E0_3500m,30.21,24.17
6000.0,E0_3600m,25.34,24.14
6000.0,E0_3700m,25.06,24.15
6000.0,E0_3800m,25.22,24.13
6000.0,E0_3900m,24.28,24.13
6000.0,E0_4000m,16.4,24.11
6000.0,E0_400m,21.73,22.15
6000.0,E0_4100m,12.96,24.08
6000.0,E0_4200m,13.08,24.1
6000.0,E0_4300m,13.02,24.08
6000.0,E0_4400m,13.39,24.06
6000.0,E0_4500m,13.56,24.03
6000.0,E0_4600m,13.77,24.0
6000.0,E0_4700m,13.74,23.99
6000.0,E0_4800m,13.91,23.99
6000.0,E0_4900m,13.71,23.95
6000.0,E0_500m,21.82,22.23
6000.0,E0_600m,21.86,22.28
6000.0,E0_700m,22.02,22.29
6000.0,E0_800m,22.08,22.37
6000.0,E0_900m,22.2,22.43
6300.0,E0_0m,38.36,21.54
6300.0,E0_1000m,57.13,22.76
6300.0,E0_100m,23.99,21.9
6300.0,E0_1100m,63.38,22.82
6300.0,E0_1200m,69.29,22.89
6300.0,E0_1300m,74.94,22.95
6300.0,E0_1400m,80.22,23.03
6300.0,E0_1500m,85.2,23.04
6300.0,E0_1600m,89.43,23.11
6300.0,E0_1700m,92.88,23.17
6300.0,E0_1800m,95.4,23.22
6300.0,E0_1900m,96.68,23.26
6300.0,E0_2000m,97.16,23.25
6300.0,E0_200m,22.88,21.95
6300.0,E0_2100m,97.33,23.3
6300.0,E0_2200m,97.28,23.27
6300.0,E0_2300m,97.24,23.22
6300.0,E0_2400m,97.27,23.23
6300.0,E0_2500m,97.22,23.25
6300.0,E0_2600m,97.05,23.26
6300.0,E0_2700m,96.93,23.27
6300.0,E0_2800m,96.93,23.27
6300.0,E0_2900m,96.63,23.3
6300.0,E0_3000m,64.97,23.34
6300.0,E0_300m,24.21,22.07
6300.0,E0_3100m,63.6,23.33
6300.0,E0_3200m,63.51,23.31
6300.0,E0_3300m,63.55,23.25
6300.0,E0_3400m,63.31,23.27
6300.0,E0_3500m,28.6,23.33
6300.0,E0_3600m,22.06,23.38
6300.0,E0_3700m,20.68,23.45
6300.0,E0_3800m,20.5,23.51
6300.0,E0_3900m,19.87,23.59
6300.0,E0_4000m,13.37,23.64
6300.0,E0_400m,26.44,22.14
6300.0,E0_4100m,9.85,23.65
6300.0,E0_4200m,9.45,23.64
6300.0,E0_4300m,9.47,23.69
6300.0,E0_4400m,9.6,23.68
6300.0,E0_4500m,9.69,23.71
6300.0,E0_4600m,9.79,23.71
6300.0,E0_4700m,9.85,23.7
6300.0,E0_4800m,10.02,23.7
6300.0,E0_4900m,9.99,23.73
6300.0,E0_500m,29.81,22.24
6300.0,E0_600m,34.29,22.39
6300.0,E0_700m,39.46,22.51
6300.0,E0_800m,44.92,22.62
6300.0,E0_900m,50.84,22.69
6600.0,E0_0m,72.18,21.66
6600.0,E0_1000m,97.19,22.86
6600.0,E0_100m,77.05,22.03
6600.0,E0_1100m,97.28,22.89
6600.0,E0_1200m,97.36,22.98
6600.0,E0_1300m,97.39,23.0
6600.0,E0_1400m,97.44,22.97
6600.0,E0_1500m,97.38,22.96
6600.0,E0_1600m,97.31,22.95
6600.0,E0_1700m,97.27,22.95
6600.0,E0_1800m,97.21,23.0
6600.0,E0_1900m,97.2,23.06
6600.0,E0_2000m,97.09,23.14
6600.0,E0_200m,81.12,22.02
6600.0,E0_2100m,97.04,23.25
6600.0,E0_2200m,97.04,23.3
6600.0,E0_2300m,97.13,23.38
6600.0,E0_2400m,97.24,23.47
6600.0,E0_2500m,97.36,23.56
6600.0,E0_2600m,97.55,23.64
6600.0,E0_2700m,97.68,23.67
6600.0,E0_2800m,97.79,23.66
6600.0,E0_2900m,97.52,23.71
6600.0,E0_3000m,64.74,23.71
6600.0,E0_300m,85.22,22.07
6600.0,E0_3100m,63.04,23.74
6600.0,E0_3200m,63.0,23.81
6600.0,E0_3300m,63.21,23.9
6600.0,E0_3400m,63.57,24.01
6600.0,E0_3500m,28.35,24.05
6600.0,E0_3600m,22.0,24.11
6600.0,E0_3700m,20.39,24.17
6600.0,E0_3800m,20.06,24.12
6600.0,E0_3900m,19.44,24.14
6600.0,E0_4000m,13.18,24.11
6600.0,E0_400m,89.09,22.16
6600.0,E0_4100m,9.7,24.1
6600.0,E0_4200m,9.28,24.15
6600.0,E0_4300m,9.32,24.25
6600.0,E0_4400m,9.39,24.26
6600.0,E0_4500m,9.55,24.27
6600.0,E0_4600m,9.7,24.22
6600.0,E0_4700m,9.8,24.19
6600.0,E0_4800m,9.91,24.08
6600.0,E0_4900m,9.89,24.05
6600.0,E0_500m,92.37,22.27
6600.0,E0_600m,94.63,22.32
6600.0,E0_700m,96.0,22.46
6600.0,E0_800m,96.7,22.62
6600.0,E0_900m,97.06,22.75
6900.0,E0_0m,87.93,21.62
6900.0,E0_1000m,97.85,23.03
6900.0,E0_100m,97.19,21.82
6900.0,E0_1100m,97.79,23.17
6900.0,E0_1200m,97.75,23.3
6900.0,E0_1300m,97.72,23.46
6900.0,E0_1400m,97.75,23.58
6900.0,E0_1500m,97.8,23.67
6900.0,E0_1600m,97.82,23.76
6900.0,E0_1700m,97.86,23.8
6900.0,E0_1800m,97.9,23.84
6900.0,E0_1900m,97.94,23.84
6900.0,E0_2000m,97.99,23.86
6900.0,E0_200m,97.24,21.9
6900.0,E0_2100m,97.97,23.87
6900.0,E0_2200m,97.9,23.93
6900.0,E0_2300m,97.72,23.92
6900.0,E0_2400m,97.5,23.96
6900.0,E0_2500m,97.44,23.94
6900.0,E0_2600m,97.31,23.96
6900.0,E0_2700m,97.18,24.01
6900.0,E0_2800m,97.01,24.06
6900.0,E0_2900m,96.61,24.13
6900.0,E0_3000m,65.06,24.27
6900.0,E0_300m,97.32,22.02
6900.0,E0_3100m,63.44,24.35
6900.0,E0_3200m,63.69,24.38
6900.0,E0_3300m,63.81,24.39
6900.0,E0_3400m,63.78,24.38
6900.0,E0_3500m,28.76,24.35
6900.0,E0_3600m,22.19,24.29
6900.0,E0_3700m,20.97,24.3
6900.0,E0_3800m,21.12,24.34
6900.0,E0_3900m,19.91,24.4
6900.0,E0_4000m,13.36,24.38
6900.0,E0_400m,97.45,22.16
6900.0,E0_4100m,9.87,24.33
6900.0,E0_4200m,9.46,24.25
6900.0,E0_4300m,9.52,24.19
6900.0,E0_4400m,9.59,24.11
6900.0,E0_4500m,9.69,24.02
6900.0,E0_4600m,9.82,23.98
6900.0,E0_4700m,9.96,23.94
6900.0,E0_4800m,10.09,23.9
6900.0,E0_4900m,10.05,23.8
6900.0,E0_500m,97.5,22.36
6900.0,E0_600m,97.55,22.59
6900.0,E0_700m,97.66,22.73
6900.0,E0_800m,97.74,22.84
6900.0,E0_900m,97.82,22.94
7200.0,E0_0m,88.42,21.45
7200.0,E0_1000m,97.03,22.6
7200.0,E0_100m,97.7,21.77
7200.0,E0_1100m,97.05,22.7
7200.0,E0_1200m,97.09,22.81
7200.0,E0_1300m,97.15,22.9
7200.0,E0_1400m,97.15,22.99
7200.0,E0_1500m,97.17,23.11
7200.0,E0_1600m,97.22,23.24
7200.0,E0_1700m,97.28,23.33
7200.0,E0_1800m,97.3,23.4
7200.0,E0_1900m,97.32,23.47
7200.0,E0_2000m,97.38,23.58
7200.0,E0_200m,97.64,21.79
7200.0,E0_2100m,97.55,23.66
7200.0,E0_2200m,97.64,23.73
7200.0,E0_2300m,97.85,23.78
7200.0,E0_2400m,98.06,23.79
7200.0,E0_2500m,98.07,23.86
7200.0,E0_2600m,98.11,23.85
7200.0,E0_2700m,98.13,23.89
7200.0,E0_2800m,98.13,23.93
7200.0,E0_2900m,97.65,23.92
7200.0,E0_3000m,64.41,23.94
7200.0,E0_300m,97.56,21.89
7200.0,E0_3100m,62.92,23.86
7200.0,E0_3200m,62.95,23.86
7200.0,E0_3300m,62.85,23.88
7200.0,E0_3400m,63.08,23.94
7200.0,E0_3500m,29.04,23.98
7200.0,E0_3600m,22.19,23.95
7200.0,E0_3700m,20.91,23.97
7200.0,E0_3800m,20.33,24.02
7200.0,E0_3900m,19.77,24.02
7200.0,E0_4000m,13.19,24.1
7200.0,E0_400m,97.49,21.99
7200.0,E0_4100m,9.78,24.14
7200.0,E0_4200m,9.42,24.24
7200.0,E0_4300m,9.42,24.28
7200.0,E0_4400m,9.48,24.36
7200.0,E0_4500m,9.58,24.34
7200.0,E0_4600m,9.7,24.35
7200.0,E0_4700m,9.76,24.32
7200.0,E0_4800m,9.87,24.24
7200.0,E0_4900m,9.82,24.2
7200.0,E0_500m,97.37,22.1
7200.0,E0_600m,97.29,22.16
7200.0,E0_700m,97.17,22.26
7200.0,E0_800m,97.11,22.39
7200.0,E0_900m,97.09,22.47
7500.0,E0_0m,88.14,21.32
7500.0,E0_1000m,97.89,22.42
7500.0,E0_100m,97.37,21.63
7500.0,E0_1100m,97.86,22.48
7500.0,E0_1200m,97.82,22.55
7500.0,E0_1300m,97.74,22.62
7500.0,E0_1400m,97.66,22.67
7500.0,E0_1500m,97.63,22.65
7500.0,E0_1600m,97.72,22.72
7500.0,E0_1700m,97.74,22.8
7500.0,E0_1800m,97.78,22.83
7500.0,E0_1900m,97.78,22.88
7500.0,E0_2000m,97.77,22.87
7500.0,E0_200m,97.44,21.7
7500.0,E0_2100m,97.71,22.83
7500.0,E0_2200m,97.7,22.9
7500.0,E0_2300m,97.56,22.96
7500.0,E0_2400m,97.43,23.04
7500.0,E0_2500m,97.36,23.15
7500.0,E0_2600m,97.3,23.27
7500.0,E0_2700m,97.3,23.32
7500.0,E0_2800m,97.36,23.39
7500.0,E0_2900m,97.11,23.41
7500.0,E0_3000m,64.79,23.48
7500.0,E0_300m,97.61,21.73
7500.0,E0_3100m,63.73,23.67
7500.0,E0_3200m,63.53,23.76
7500.0,E0_3300m,63.51,23.8
7500.0,E0_3400m,63.43,23.83
7500.0,E0_3500m,29.02,23.88
7500.0,E0_3600m,22.86,23.98
7500.0,E0_3700m,20.85,23.96
7500.0,E0_3800m,20.42,23.98
7500.0,E0_3900m,19.77,23.93
7500.0,E0_4000m,13.21,23.85
7500.0,E0_400m,97.66,21.84
7500.0,E0_4100m,9.75,23.8
7500.0,E0_4200m,9.4,23.77
7500.0,E0_4300m,9.46,23.73
7500.0,E0_4400m,9.5,23.71
7500.0,E0_4500m,9.6,23.69
7500.0,E0_4600m,9.71,23.65
7500.0,E0_4700m,9.85,23.65
7500.0,E0_4800m,10.01,23.69
7500.0,E0_4900m,9.98,23.66
7500.0,E0_500m,97.78,22.01
7500.0,E0_600m,97.92,22.08
7500.0,E0_700m,97.98,22.19
7500.0,E0_800m,97.98,22.24
7500.0,E0_900m,97.91,22.33
7800.0,E0_0m,89.17,23.17
7800.0,E0_1000m,96.83,22.0
7800.0,E0_100m,98.33,22.67
7800.0,E0_1100m,96.17,22.67
7800.0,E0_1200m,96.67,23.17
7800.0,E0_1300m,97.17,23.17
7800.0,E0_1400m,97.5,23.67
7800.0,E0_1500m,98.17,24.17
7800.0,E0_1600m,97.5,19.17
7800.0,E0_1700m,97.0,21.83
7800.0,E0_1800m,97.5,23.33
7800.0,E0_1900m,97.5,22.67
7800.0,E0_2000m,97.67,25.67
7800.0,E0_200m,98.67,21.0
7800.0,E0_2100m,97.83,25.33
7800.0,E0_2200m,96.67,21.17
7800.0,E0_2300m,96.83,20.33
7800.0,E0_2400m,97.33,21.5
7800.0,E0_2500m,96.67,20.67
7800.0,E0_2600m,96.5,23.33
7800.0,E0_2700m,98.0,23.17
7800.0,E0_2800m,99.5,24.5
7800.0,E0_2900m,97.0,22.5
7800.0,E0_3000m,64.5,23.0
7800.0,E0_300m,98.0,21.67
7800.0,E0_3100m,60.83,23.0
7800.0,E0_3200m,61.83,22.0
7800.0,E0_3300m,61.83,24.5
7800.0,E0_3400m,64.0,23.83
7800.0,E0_3500m,27.83,22.33
7800.0,E0_3600m,21.83,22.5
7800.0,E0_3700m,23.0,24.33
7800.0,E0_3800m,20.0,25.5
7800.0,E0_3900m,20.67,25.33
7800.0,E0_4000m,14.33,23.67
7800.0,E0_400m,98.33,21.33
7800.0,E0_4100m,9.67,23.17
7800.0,E0_4200m,8.5,23.67
7800.0,E0_4300m,10.0,24.67
7800.0,E0_4400m,9.33,25.5
7800.0,E0_4500m,9.83,25.17
7800.0,E0_4600m,10.17,25.5
7800.0,E0_4700m,6.33,25.17
7800.0,E0_4800m,9.0,23.67
7800.0,E0_4900m,9.83,22.0
7800.0,E0_500m,97.83,21.83
7800.0,E0_600m,97.0,22.0
7800.0,E0_700m,97.17,22.0
7800.0,E0_800m,96.67,21.67
7800.0,E0_900m,97.0,22.17
