interval_begin,interval_id_combined,link,pos,SPR,FR,interval_harmonicMeanSpeed_attack,interval_harmonicMeanSpeed_base,interval_flow_attack,interval_flow_base
0.0,E0_0m,E0,0,-1.0,1.0,-1.0,-1.0,0.0,0.0
0.0,E0_100m,E0,100,1.0,1.0,27.33,27.33,3972.8,3972.8
0.0,E0_200m,E0,200,1.0,1.0,27.23,27.23,3925.6,3925.6
0.0,E0_300m,E0,300,1.0,1.0,27.04,27.04,3878.8,3878.8
0.0,E0_400m,E0,400,1.0,1.0,26.85,26.85,3830.8,3830.8
0.0,E0_500m,E0,500,1.0,1.0,26.68,26.68,3775.2,3775.2
0.0,E0_600m,E0,600,1.0,1.0,26.53,26.53,3723.2,3723.2
0.0,E0_700m,E0,700,1.0,1.0,26.4,26.4,3669.6,3669.6
0.0,E0_800m,E0,800,1.0,1.0,26.29,26.29,3618.8,3618.8
0.0,E0_900m,E0,900,1.0,1.0,26.19,26.19,3569.2,3569.2
0.0,E0_1000m,E0,1000,1.0,1.0,26.09,26.09,3516.8,3516.8
0.0,E0_1100m,E0,1100,1.0,1.0,25.98,25.98,3466.4,3466.4
0.0,E0_1200m,E0,1200,1.0,1.0,25.88,25.88,3415.2,3415.2
0.0,E0_1300m,E0,1300,1.0,1.0,25.78,25.78,3368.0,3368.0
0.0,E0_1400m,E0,1400,1.0,1.0,25.7,25.7,3320.0,3320.0
0.0,E0_1500m,E0,1500,1.0,1.0,25.66,25.66,3270.8,3270.8
0.0,E0_1600m,E0,1600,1.0,1.0,25.62,25.62,3221.2,3221.2
0.0,E0_1700m,E0,1700,1.0,1.0,25.57,25.57,3170.4,3170.4
0.0,E0_1800m,E0,1800,1.0,1.0,25.52,25.52,3116.0,3116.0
0.0,E0_1900m,E0,1900,1.0,1.0,25.5,25.5,3062.8,3062.8
0.0,E0_2000m,E0,2000,1.0,1.0,25.46,25.46,3009.6,3009.6
0.0,E0_2100m,E0,2100,1.0,1.0,25.41,25.41,2953.6,2953.6
0.0,E0_2200m,E0,2200,1.0,1.0,25.38,25.38,2900.4,2900.4
0.0,E0_2300m,E0,2300,1.0,1.0,25.35,25.35,2847.2,2847.2
0.0,E0_2400m,E0,2400,1.0,1.0,25.34,25.34,2788.4,2788.4
0.0,E0_2500m,E0,2500,1.0,1.0,25.34,25.34,2734.0,2734.0
0.0,E0_2600m,E0,2600,1.0,1.0,25.34,25.34,2678.0,2678.0
0.0,E0_2700m,E0,2700,1.0,1.0,25.34,25.34,2621.2,2621.2
0.0,E0_2800m,E0,2800,1.0,1.0,25.35,25.35,2562.4,2562.4
0.0,E0_2900m,E0,2900,1.0,1.0,25.36,25.36,2504.4,2504.4
0.0,E0_3000m,E0,3000,1.0,1.0,25.37,25.37,2445.2,2445.2
0.0,E0_3100m,E0,3100,1.0,1.0,25.4,25.4,2390.4,2390.4
0.0,E0_3200m,E0,3200,1.0,1.0,25.42,25.42,2334.4,2334.4
0.0,E0_3300m,E0,3300,1.0,1.0,25.44,25.44,2281.6,2281.6
0.0,E0_3400m,E0,3400,1.0,1.0,25.45,25.45,2226.8,2226.8
0.0,E0_3500m,E0,3500,1.0,1.0,25.48,25.48,2164.0,2164.0
0.0,E0_3600m,E0,3600,1.0,1.0,25.51,25.51,2101.2,2101.2
0.0,E0_3700m,E0,3700,1.0,1.0,25.56,25.56,2042.4,2042.4
0.0,E0_3800m,E0,3800,1.0,1.0,25.58,25.58,1985.6,1985.6
0.0,E0_3900m,E0,3900,1.0,1.0,25.61,25.61,1931.2,1931.2
0.0,E0_4000m,E0,4000,1.0,1.0,25.64,25.64,1880.8,1880.8
0.0,E0_4100m,E0,4100,1.0,1.0,25.71,25.71,1826.0,1826.0
0.0,E0_4200m,E0,4200,1.0,1.0,25.75,25.75,1773.2,1773.2
0.0,E0_4300m,E0,4300,1.0,1.0,25.8,25.8,1720.0,1720.0
0.0,E0_4400m,E0,4400,1.0,1.0,25.84,25.84,1667.2,1667.2
0.0,E0_4500m,E0,4500,1.0,1.0,25.88,25.88,1610.8,1610.8
0.0,E0_4600m,E0,4600,1.0,1.0,25.91,25.91,1553.2,1553.2
0.0,E0_4700m,E0,4700,1.0,1.0,26.01,26.01,1492.0,1492.0
0.0,E0_4800m,E0,4800,1.0,1.0,26.11,26.11,1433.6,1433.6
0.0,E0_4900m,E0,4900,1.0,1.0,26.2,26.2,1381.2,1381.2
0.0,E0_5000m,E0,5000,1.0,1.0,26.3,26.3,1334.0,1334.0
300.0,E0_0m,E0,0,-1.0,1.0,-1.0,-1.0,0.0,0.0
300.0,E0_100m,E0,100,1.0,1.0,26.67,26.67,4026.4,4026.4
300.0,E0_200m,E0,200,1.0,1.0,26.81,26.81,4022.8,4022.8
300.0,E0_300m,E0,300,1.0,1.0,26.7,26.7,4020.8,4020.8
300.0,E0_400m,E0,400,1.0,1.0,26.56,26.56,4020.0,4020.0
300.0,E0_500m,E0,500,1.0,1.0,26.44,26.44,4022.4,4022.4
300.0,E0_600m,E0,600,1.0,1.0,26.32,26.32,4020.8,4020.8
300.0,E0_700m,E0,700,1.0,1.0,26.19,26.19,4022.0,4022.0
300.0,E0_800m,E0,800,1.0,1.0,26.07,26.07,4017.6,4017.6
300.0,E0_900m,E0,900,1.0,1.0,25.95,25.95,4016.8,4016.8
300.0,E0_1000m,E0,1000,1.0,1.0,25.83,25.83,4025.2,4025.2
300.0,E0_1100m,E0,1100,1.0,1.0,25.68,25.68,4022.0,4022.0
300.0,E0_1200m,E0,1200,1.0,1.0,25.58,25.58,4028.0,4028.0
300.0,E0_1300m,E0,1300,1.0,1.0,25.48,25.48,4021.6,4021.6
300.0,E0_1400m,E0,1400,1.0,1.0,25.38,25.38,4016.4,4016.4
300.0,E0_1500m,E0,1500,1.0,1.0,25.32,25.32,4013.6,4013.6
300.0,E0_1600m,E0,1600,1.0,1.0,25.24,25.24,4015.2,4015.2
300.0,E0_1700m,E0,1700,1.0,1.0,25.18,25.18,4014.4,4014.4
300.0,E0_1800m,E0,1800,1.0,1.0,25.12,25.12,4014.0,4014.0
300.0,E0_1900m,E0,1900,1.0,1.0,25.06,25.06,4017.6,4017.6
300.0,E0_2000m,E0,2000,1.0,1.0,25.02,25.02,4015.6,4015.6
300.0,E0_2100m,E0,2100,1.0,1.0,24.97,24.97,4015.2,4015.2
300.0,E0_2200m,E0,2200,1.0,1.0,24.92,24.92,4012.4,4012.4
300.0,E0_2300m,E0,2300,1.0,1.0,24.88,24.88,4005.2,4005.2
300.0,E0_2400m,E0,2400,1.0,1.0,24.85,24.85,4008.8,4008.8
300.0,E0_2500m,E0,2500,1.0,1.0,24.82,24.82,4002.8,4002.8
300.0,E0_2600m,E0,2600,1.0,1.0,24.79,24.79,3998.8,3998.8
300.0,E0_2700m,E0,2700,1.0,1.0,24.74,24.74,4000.8,4000.8
300.0,E0_2800m,E0,2800,1.0,1.0,24.7,24.7,4008.0,4008.0
300.0,E0_2900m,E0,2900,1.0,1.0,24.66,24.66,4009.2,4009.2
300.0,E0_3000m,E0,3000,1.0,1.0,24.61,24.61,4014.0,4014.0
300.0,E0_3100m,E0,3100,1.0,1.0,24.56,24.56,4014.0,4014.0
300.0,E0_3200m,E0,3200,1.0,1.0,24.52,24.52,4014.4,4014.4
300.0,E0_3300m,E0,3300,1.0,1.0,24.5,24.5,4013.6,4013.6
300.0,E0_3400m,E0,3400,1.0,1.0,24.45,24.45,4016.0,4016.0
300.0,E0_3500m,E0,3500,1.0,1.0,24.43,24.43,4024.0,4024.0
300.0,E0_3600m,E0,3600,1.0,1.0,24.4,24.4,4031.6,4031.6
300.0,E0_3700m,E0,3700,1.0,1.0,24.36,24.36,4034.0,4034.0
300.0,E0_3800m,E0,3800,1.0,1.0,24.33,24.33,4040.0,4040.0
300.0,E0_3900m,E0,3900,1.0,1.0,24.31,24.31,4042.0,4042.0
300.0,E0_4000m,E0,4000,1.0,1.0,24.28,24.28,4039.6,4039.6
300.0,E0_4100m,E0,4100,1.0,1.0,24.28,24.28,4034.8,4034.8
300.0,E0_4200m,E0,4200,1.0,1.0,24.26,24.26,4027.6,4027.6
300.0,E0_4300m,E0,4300,1.0,1.0,24.25,24.25,4021.2,4021.2
300.0,E0_4400m,E0,4400,1.0,1.0,24.25,24.25,4014.0,4014.0
300.0,E0_4500m,E0,4500,1.0,1.0,24.26,24.26,4011.6,4011.6
300.0,E0_4600m,E0,4600,1.0,1.0,24.28,24.28,4017.6,4017.6
300.0,E0_4700m,E0,4700,1.0,1.0,24.3,24.3,4025.6,4025.6
300.0,E0_4800m,E0,4800,1.0,1.0,24.33,24.33,4031.6,4031.6
300.0,E0_4900m,E0,4900,1.0,1.0,24.39,24.39,4026.0,4026.0
300.0,E0_5000m,E0,5000,1.0,1.0,24.46,24.46,4008.4,4008.4
600.0,E0_0m,E0,0,-1.0,1.0,-1.0,-1.0,0.0,0.0
600.0,E0_100m,E0,100,0.99,1.0,26.54,26.75,4074.8,4074.0
600.0,E0_200m,E0,200,1.0,1.0,26.75,26.88,4076.4,4076.4
600.0,E0_300m,E0,300,1.0,1.0,26.71,26.81,4075.2,4075.6
600.0,E0_400m,E0,400,1.0,1.0,26.61,26.68,4068.4,4068.4
600.0,E0_500m,E0,500,1.0,1.0,26.48,26.54,4068.4,4069.2
600.0,E0_600m,E0,600,1.0,1.0,26.35,26.41,4070.0,4072.0
600.0,E0_700m,E0,700,1.0,1.0,26.23,26.28,4074.4,4074.8
600.0,E0_800m,E0,800,1.0,1.0,26.12,26.16,4074.0,4074.4
600.0,E0_900m,E0,900,1.0,1.0,26.0,26.04,4070.4,4069.6
600.0,E0_1000m,E0,1000,1.0,1.0,25.89,25.95,4066.8,4068.0
600.0,E0_1100m,E0,1100,1.0,1.0,25.81,25.85,4068.8,4072.0
600.0,E0_1200m,E0,1200,1.0,1.0,25.72,25.74,4068.8,4070.0
600.0,E0_1300m,E0,1300,1.0,1.0,25.64,25.65,4074.4,4075.6
600.0,E0_1400m,E0,1400,1.0,1.0,25.54,25.56,4079.2,4079.2
600.0,E0_1500m,E0,1500,1.0,1.0,25.48,25.5,4077.6,4078.4
600.0,E0_1600m,E0,1600,1.0,1.0,25.43,25.46,4068.0,4070.0
600.0,E0_1700m,E0,1700,1.0,1.0,25.37,25.4,4059.2,4063.2
600.0,E0_1800m,E0,1800,1.0,1.0,25.32,25.34,4062.8,4065.6
600.0,E0_1900m,E0,1900,1.0,1.0,25.26,25.28,4058.8,4062.0
600.0,E0_2000m,E0,2000,1.0,1.0,25.22,25.22,4056.4,4061.6
600.0,E0_2100m,E0,2100,1.0,1.0,25.18,25.17,4059.2,4061.6
600.0,E0_2200m,E0,2200,1.0,1.0,25.12,25.13,4054.0,4058.8
600.0,E0_2300m,E0,2300,1.0,1.0,25.05,25.08,4056.8,4063.6
600.0,E0_2400m,E0,2400,1.0,1.0,24.95,25.02,4059.2,4064.4
600.0,E0_2500m,E0,2500,0.99,1.0,24.81,24.96,4065.6,4070.0
600.0,E0_2600m,E0,2600,0.99,1.0,24.62,24.92,4068.4,4073.6
600.0,E0_2700m,E0,2700,0.98,1.0,24.33,24.87,4066.8,4075.2
600.0,E0_2800m,E0,2800,0.96,1.0,23.9,24.84,4058.8,4069.2
600.0,E0_2900m,E0,2900,0.94,1.0,23.22,24.78,4055.6,4070.0
600.0,E0_3000m,E0,3000,0.9,1.0,22.15,24.71,4052.0,4068.8
600.0,E0_3100m,E0,3100,0.89,0.99,22.01,24.65,4046.8,4068.0
600.0,E0_3200m,E0,3200,0.9,0.99,22.1,24.6,4042.4,4070.4
600.0,E0_3300m,E0,3300,0.9,0.99,22.13,24.55,4037.2,4070.4
600.0,E0_3400m,E0,3400,0.9,0.99,22.14,24.52,4021.6,4066.4
600.0,E0_3500m,E0,3500,0.9,0.99,22.12,24.5,4012.0,4059.6
600.0,E0_3600m,E0,3600,0.9,0.99,22.11,24.5,4004.4,4055.6
600.0,E0_3700m,E0,3700,0.9,0.99,22.14,24.49,3994.8,4048.8
600.0,E0_3800m,E0,3800,0.9,0.99,22.13,24.47,3982.8,4041.6
600.0,E0_3900m,E0,3900,0.91,0.98,22.17,24.45,3973.2,4036.0
600.0,E0_4000m,E0,4000,0.94,0.98,23.08,24.43,3970.0,4034.0
600.0,E0_4100m,E0,4100,1.05,0.99,25.63,24.41,3976.4,4036.0
600.0,E0_4200m,E0,4200,1.06,0.99,25.77,24.39,3987.2,4039.2
600.0,E0_4300m,E0,4300,1.05,0.99,25.69,24.38,3995.6,4044.0
600.0,E0_4400m,E0,4400,1.05,0.99,25.57,24.38,4004.0,4052.4
600.0,E0_4500m,E0,4500,1.04,0.99,25.45,24.37,4011.6,4062.0
600.0,E0_4600m,E0,4600,1.04,0.99,25.34,24.36,4015.2,4064.0
600.0,E0_4700m,E0,4700,1.04,0.99,25.26,24.37,4018.0,4064.0
600.0,E0_4800m,E0,4800,1.03,0.99,25.21,24.4,4019.6,4066.0
600.0,E0_4900m,E0,4900,1.03,0.99,25.18,24.44,4026.8,4073.6
600.0,E0_5000m,E0,5000,1.03,0.99,25.17,24.5,4040.4,4084.0
900.0,E0_0m,E0,0,-1.0,1.0,-1.0,-1.0,0.0,0.0
900.0,E0_100m,E0,100,0.99,1.0,26.78,26.97,3984.0,3983.6
900.0,E0_200m,E0,200,1.0,1.0,26.98,27.07,3979.6,3980.4
900.0,E0_300m,E0,300,1.0,1.0,26.94,26.98,3979.2,3978.0
900.0,E0_400m,E0,400,1.0,1.0,26.83,26.85,3984.0,3984.8
900.0,E0_500m,E0,500,1.0,1.0,26.7,26.69,3985.2,3984.8
900.0,E0_600m,E0,600,1.0,1.0,26.56,26.54,3992.8,3990.0
900.0,E0_700m,E0,700,1.0,1.0,26.42,26.39,3988.4,3987.2
900.0,E0_800m,E0,800,1.0,1.0,26.29,26.25,3992.4,3991.6
900.0,E0_900m,E0,900,1.0,1.0,26.16,26.12,3994.4,3993.6
900.0,E0_1000m,E0,1000,1.0,1.0,26.06,26.03,3991.2,3989.2
900.0,E0_1100m,E0,1100,1.0,1.0,25.98,25.94,3990.0,3984.8
900.0,E0_1200m,E0,1200,1.0,1.0,25.92,25.87,3982.8,3978.8
900.0,E0_1300m,E0,1300,1.0,1.0,25.86,25.82,3983.2,3977.6
900.0,E0_1400m,E0,1400,1.0,1.0,25.8,25.77,3981.6,3976.8
900.0,E0_1500m,E0,1500,1.0,1.0,25.74,25.73,3980.0,3975.2
900.0,E0_1600m,E0,1600,1.0,1.0,25.69,25.69,3985.6,3981.6
900.0,E0_1700m,E0,1700,1.0,1.0,25.64,25.64,3998.4,3991.6
900.0,E0_1800m,E0,1800,1.0,1.0,25.56,25.58,3996.0,3990.4
900.0,E0_1900m,E0,1900,1.0,1.0,25.51,25.52,3996.4,3989.6
900.0,E0_2000m,E0,2000,1.0,1.0,25.46,25.49,4006.4,3998.0
900.0,E0_2100m,E0,2100,1.0,1.0,25.41,25.47,4012.0,4009.2
900.0,E0_2200m,E0,2200,1.0,1.0,25.35,25.45,4019.2,4013.6
900.0,E0_2300m,E0,2300,0.99,1.0,25.3,25.43,4026.0,4018.4
900.0,E0_2400m,E0,2400,0.99,1.0,25.22,25.41,4025.6,4017.6
900.0,E0_2500m,E0,2500,0.99,1.0,25.1,25.39,4019.6,4014.0
900.0,E0_2600m,E0,2600,0.98,1.0,24.92,25.35,4025.6,4015.6
900.0,E0_2700m,E0,2700,0.97,1.0,24.64,25.31,4026.8,4016.0
900.0,E0_2800m,E0,2800,0.96,1.0,24.15,25.27,4037.6,4024.4
900.0,E0_2900m,E0,2900,0.93,1.0,23.4,25.24,4040.0,4026.8
900.0,E0_3000m,E0,3000,0.88,1.0,22.23,25.18,4040.0,4030.8
900.0,E0_3100m,E0,3100,0.88,1.0,22.08,25.14,4037.6,4030.0
900.0,E0_3200m,E0,3200,0.88,1.0,22.17,25.1,4042.0,4032.0
900.0,E0_3300m,E0,3300,0.88,1.0,22.2,25.09,4047.2,4037.6
900.0,E0_3400m,E0,3400,0.89,1.0,22.2,25.05,4060.0,4047.6
900.0,E0_3500m,E0,3500,0.89,1.0,22.19,25.04,4066.0,4060.4
900.0,E0_3600m,E0,3600,0.89,1.0,22.18,25.02,4073.6,4071.6
900.0,E0_3700m,E0,3700,0.89,1.0,22.19,24.97,4084.8,4092.0
900.0,E0_3800m,E0,3800,0.89,1.0,22.2,24.93,4088.0,4104.8
900.0,E0_3900m,E0,3900,0.89,1.0,22.24,24.87,4092.4,4110.0
900.0,E0_4000m,E0,4000,0.93,0.99,23.17,24.82,4089.6,4112.4
900.0,E0_4100m,E0,4100,1.05,0.99,25.98,24.78,4094.4,4121.2
900.0,E0_4200m,E0,4200,1.06,0.99,26.2,24.75,4095.2,4127.6
900.0,E0_4300m,E0,4300,1.06,0.99,26.12,24.72,4094.0,4132.4
900.0,E0_4400m,E0,4400,1.05,0.99,26.0,24.7,4093.2,4130.0
900.0,E0_4500m,E0,4500,1.05,0.99,25.89,24.68,4091.2,4122.0
900.0,E0_4600m,E0,4600,1.05,0.99,25.8,24.67,4084.4,4112.8
900.0,E0_4700m,E0,4700,1.04,0.99,25.72,24.69,4076.4,4106.0
900.0,E0_4800m,E0,4800,1.04,0.99,25.64,24.7,4073.2,4102.0
900.0,E0_4900m,E0,4900,1.03,0.99,25.57,24.73,4066.8,4091.6
900.0,E0_5000m,E0,5000,1.03,0.99,25.52,24.76,4058.8,4084.4
1200.0,E0_0m,E0,0,-1.0,1.0,-1.0,-1.0,0.0,0.0
1200.0,E0_100m,E0,100,0.99,1.0,26.53,26.75,4021.6,4021.2
1200.0,E0_200m,E0,200,0.99,1.0,26.71,26.86,4029.2,4027.6
1200.0,E0_300m,E0,300,1.0,1.0,26.64,26.75,4027.6,4028.0
1200.0,E0_400m,E0,400,1.0,1.0,26.53,26.6,4029.6,4028.4
1200.0,E0_500m,E0,500,1.0,1.0,26.4,26.48,4031.2,4029.6
1200.0,E0_600m,E0,600,1.0,1.0,26.29,26.38,4020.4,4022.0
1200.0,E0_700m,E0,700,1.0,1.0,26.18,26.26,4021.6,4020.0
1200.0,E0_800m,E0,800,1.0,1.0,26.06,26.13,4017.6,4018.0
1200.0,E0_900m,E0,900,1.0,1.0,25.95,26.01,4015.2,4015.2
1200.0,E0_1000m,E0,1000,1.0,1.0,25.82,25.9,4011.2,4009.6
1200.0,E0_1100m,E0,1100,1.0,1.0,25.72,25.79,4013.2,4011.6
1200.0,E0_1200m,E0,1200,1.0,1.0,25.62,25.67,4012.8,4013.6
1200.0,E0_1300m,E0,1300,1.0,1.0,25.52,25.56,4003.2,4007.6
1200.0,E0_1400m,E0,1400,1.0,1.0,25.44,25.5,3998.0,4002.8
1200.0,E0_1500m,E0,1500,1.0,1.0,25.38,25.43,3997.2,4002.0
1200.0,E0_1600m,E0,1600,1.0,1.0,25.3,25.36,3993.6,3996.8
1200.0,E0_1700m,E0,1700,1.0,1.0,25.22,25.3,3991.2,3996.8
1200.0,E0_1800m,E0,1800,1.0,1.0,25.17,25.26,3994.4,4002.0
1200.0,E0_1900m,E0,1900,1.0,1.0,25.13,25.2,4000.0,4007.6
1200.0,E0_2000m,E0,2000,1.0,1.0,25.06,25.13,3991.6,4000.0
1200.0,E0_2100m,E0,2100,1.0,1.0,25.0,25.07,3986.8,3992.0
1200.0,E0_2200m,E0,2200,1.0,1.0,24.93,25.01,3986.8,3994.4
1200.0,E0_2300m,E0,2300,1.0,1.0,24.86,24.96,3988.8,3996.8
1200.0,E0_2400m,E0,2400,0.99,1.0,24.78,24.92,3996.8,4006.8
1200.0,E0_2500m,E0,2500,0.99,1.0,24.68,24.89,4014.0,4024.4
1200.0,E0_2600m,E0,2600,0.99,1.0,24.52,24.86,4012.4,4026.8
1200.0,E0_2700m,E0,2700,0.98,1.0,24.28,24.83,4014.0,4025.2
1200.0,E0_2800m,E0,2800,0.96,1.0,23.92,24.82,4002.8,4016.8
1200.0,E0_2900m,E0,2900,0.94,1.0,23.27,24.81,4000.8,4011.6
1200.0,E0_3000m,E0,3000,0.89,1.0,22.15,24.8,3997.6,4006.0
1200.0,E0_3100m,E0,3100,0.89,1.0,22.03,24.79,3998.8,4007.6
1200.0,E0_3200m,E0,3200,0.89,1.0,22.13,24.78,3992.0,4003.2
1200.0,E0_3300m,E0,3300,0.9,1.0,22.15,24.75,3986.0,3995.6
1200.0,E0_3400m,E0,3400,0.9,1.0,22.14,24.72,3974.8,3982.0
1200.0,E0_3500m,E0,3500,0.9,1.0,22.14,24.69,3973.2,3973.6
1200.0,E0_3600m,E0,3600,0.9,1.0,22.15,24.68,3967.2,3963.6
1200.0,E0_3700m,E0,3700,0.9,1.0,22.16,24.67,3966.4,3949.6
1200.0,E0_3800m,E0,3800,0.9,1.01,22.16,24.66,3968.4,3942.0
1200.0,E0_3900m,E0,3900,0.9,1.01,22.2,24.65,3967.6,3945.2
1200.0,E0_4000m,E0,4000,0.94,1.0,23.09,24.66,3966.0,3950.4
1200.0,E0_4100m,E0,4100,1.05,1.0,25.79,24.68,3960.0,3945.2
1200.0,E0_4200m,E0,4200,1.05,1.0,26.0,24.69,3957.6,3938.0
1200.0,E0_4300m,E0,4300,1.05,1.01,25.94,24.69,3956.8,3929.2
1200.0,E0_4400m,E0,4400,1.05,1.01,25.86,24.72,3956.4,3922.4
1200.0,E0_4500m,E0,4500,1.04,1.01,25.77,24.73,3957.2,3924.0
1200.0,E0_4600m,E0,4600,1.04,1.01,25.67,24.75,3956.4,3928.4
1200.0,E0_4700m,E0,4700,1.03,1.01,25.6,24.76,3957.6,3935.2
1200.0,E0_4800m,E0,4800,1.03,1.01,25.56,24.77,3956.8,3932.8
1200.0,E0_4900m,E0,4900,1.03,1.01,25.55,24.8,3962.8,3939.2
1200.0,E0_5000m,E0,5000,1.03,1.0,25.54,24.82,3960.4,3940.8
1500.0,E0_0m,E0,0,-1.0,1.0,-1.0,-1.0,0.0,0.0
1500.0,E0_100m,E0,100,0.99,1.0,26.72,26.94,3988.4,3986.8
1500.0,E0_200m,E0,200,1.0,1.0,26.92,27.04,3980.8,3979.6
1500.0,E0_300m,E0,300,1.0,1.0,26.88,26.95,3981.2,3980.4
1500.0,E0_400m,E0,400,1.0,1.0,26.77,26.82,3979.2,3979.2
1500.0,E0_500m,E0,500,1.0,1.0,26.64,26.68,3980.8,3981.6
1500.0,E0_600m,E0,600,1.0,1.0,26.5,26.53,3982.4,3981.6
1500.0,E0_700m,E0,700,1.0,1.0,26.4,26.41,3983.2,3986.8
1500.0,E0_800m,E0,800,1.0,1.0,26.28,26.29,3986.0,3986.4
1500.0,E0_900m,E0,900,1.0,1.0,26.17,26.16,3996.8,3999.2
1500.0,E0_1000m,E0,1000,1.0,1.0,26.07,26.07,3995.6,4000.4
1500.0,E0_1100m,E0,1100,1.0,1.0,25.97,25.96,3994.4,3999.6
1500.0,E0_1200m,E0,1200,1.0,1.0,25.85,25.88,4000.8,4003.2
1500.0,E0_1300m,E0,1300,1.0,1.0,25.75,25.8,4004.8,4006.8
1500.0,E0_1400m,E0,1400,1.0,1.0,25.66,25.72,4007.6,4008.8
1500.0,E0_1500m,E0,1500,1.0,1.0,25.59,25.65,4018.0,4018.0
1500.0,E0_1600m,E0,1600,1.0,1.0,25.52,25.59,4021.6,4019.6
1500.0,E0_1700m,E0,1700,1.0,1.0,25.46,25.55,4024.4,4020.4
1500.0,E0_1800m,E0,1800,1.0,1.0,25.4,25.5,4025.6,4019.6
1500.0,E0_1900m,E0,1900,1.0,1.0,25.33,25.43,4025.2,4020.8
1500.0,E0_2000m,E0,2000,1.0,1.0,25.29,25.38,4034.0,4028.4
1500.0,E0_2100m,E0,2100,1.0,1.0,25.26,25.35,4039.6,4034.0
1500.0,E0_2200m,E0,2200,1.0,1.0,25.23,25.31,4044.8,4040.4
1500.0,E0_2300m,E0,2300,1.0,1.0,25.17,25.28,4041.2,4035.6
1500.0,E0_2400m,E0,2400,0.99,1.0,25.11,25.25,4032.8,4022.8
1500.0,E0_2500m,E0,2500,0.99,1.0,25.01,25.22,4017.6,4007.2
1500.0,E0_2600m,E0,2600,0.99,1.0,24.86,25.17,4016.0,4006.8
1500.0,E0_2700m,E0,2700,0.98,1.0,24.6,25.12,4018.0,4010.8
1500.0,E0_2800m,E0,2800,0.96,1.0,24.14,25.08,4022.4,4012.4
1500.0,E0_2900m,E0,2900,0.93,1.0,23.42,25.05,4024.4,4017.2
1500.0,E0_3000m,E0,3000,0.89,1.0,22.22,25.03,4026.0,4019.2
1500.0,E0_3100m,E0,3100,0.88,1.0,22.06,25.0,4027.6,4018.0
1500.0,E0_3200m,E0,3200,0.89,1.0,22.16,24.97,4035.2,4022.8
1500.0,E0_3300m,E0,3300,0.89,1.0,22.2,24.94,4036.8,4025.2
1500.0,E0_3400m,E0,3400,0.89,1.0,22.18,24.92,4045.6,4032.8
1500.0,E0_3500m,E0,3500,0.89,1.0,22.17,24.89,4054.0,4040.0
1500.0,E0_3600m,E0,3600,0.89,1.0,22.18,24.86,4058.4,4058.4
1500.0,E0_3700m,E0,3700,0.89,1.0,22.19,24.84,4057.6,4067.6
1500.0,E0_3800m,E0,3800,0.89,1.0,22.19,24.82,4048.0,4067.2
1500.0,E0_3900m,E0,3900,0.9,1.0,22.22,24.79,4047.6,4066.8
1500.0,E0_4000m,E0,4000,0.94,1.0,23.17,24.76,4050.4,4062.8
1500.0,E0_4100m,E0,4100,1.05,1.0,25.95,24.73,4052.8,4061.6
1500.0,E0_4200m,E0,4200,1.06,1.0,26.13,24.72,4057.2,4070.0
1500.0,E0_4300m,E0,4300,1.05,1.0,26.03,24.7,4061.6,4078.0
1500.0,E0_4400m,E0,4400,1.05,0.99,25.89,24.69,4061.2,4087.2
1500.0,E0_4500m,E0,4500,1.04,0.99,25.77,24.68,4065.2,4088.8
1500.0,E0_4600m,E0,4600,1.04,1.0,25.67,24.67,4066.4,4085.6
1500.0,E0_4700m,E0,4700,1.04,1.0,25.59,24.67,4073.6,4083.6
1500.0,E0_4800m,E0,4800,1.03,1.0,25.51,24.68,4072.8,4084.4
1500.0,E0_4900m,E0,4900,1.03,1.0,25.44,24.71,4065.6,4085.2
1500.0,E0_5000m,E0,5000,1.03,1.0,25.4,24.74,4068.0,4082.4
1800.0,E0_0m,E0,0,-1.0,1.0,-1.0,-1.0,0.0,0.0
1800.0,E0_100m,E0,100,0.99,1.0,26.63,26.86,4001.2,4003.6
1800.0,E0_200m,E0,200,0.99,1.0,26.79,26.95,4006.0,4008.0
1800.0,E0_300m,E0,300,1.0,1.0,26.7,26.83,4009.2,4010.4
1800.0,E0_400m,E0,400,1.0,1.0,26.57,26.68,4005.6,4006.4
1800.0,E0_500m,E0,500,1.0,1.0,26.44,26.54,4002.0,4001.2
1800.0,E0_600m,E0,600,1.0,1.0,26.31,26.4,4003.6,4002.4
1800.0,E0_700m,E0,700,1.0,1.0,26.19,26.28,4002.8,3998.8
1800.0,E0_800m,E0,800,1.0,1.0,26.08,26.17,4004.0,4000.8
1800.0,E0_900m,E0,900,1.0,1.0,25.98,26.07,3996.0,3992.4
1800.0,E0_1000m,E0,1000,1.0,1.0,25.88,25.98,4002.8,4000.4
1800.0,E0_1100m,E0,1100,1.0,1.0,25.79,25.9,4009.2,4004.8
1800.0,E0_1200m,E0,1200,1.0,1.0,25.7,25.81,4002.4,4002.0
1800.0,E0_1300m,E0,1300,1.0,1.0,25.6,25.71,4005.6,4002.0
1800.0,E0_1400m,E0,1400,1.0,1.0,25.5,25.62,4000.8,3998.8
1800.0,E0_1500m,E0,1500,0.99,1.0,25.43,25.55,3997.2,3995.6
1800.0,E0_1600m,E0,1600,0.99,1.0,25.36,25.5,3990.8,3992.4
1800.0,E0_1700m,E0,1700,0.99,1.0,25.31,25.46,3983.2,3984.0
1800.0,E0_1800m,E0,1800,1.0,1.0,25.29,25.41,3982.0,3985.6
1800.0,E0_1900m,E0,1900,1.0,1.0,25.25,25.36,3977.2,3980.8
1800.0,E0_2000m,E0,2000,1.0,1.0,25.19,25.31,3968.8,3971.2
1800.0,E0_2100m,E0,2100,0.99,1.0,25.12,25.26,3959.6,3961.6
1800.0,E0_2200m,E0,2200,0.99,1.0,25.04,25.2,3953.2,3952.0
1800.0,E0_2300m,E0,2300,0.99,1.0,24.96,25.12,3947.6,3947.6
1800.0,E0_2400m,E0,2400,0.99,1.0,24.86,25.06,3946.8,3951.2
1800.0,E0_2500m,E0,2500,0.99,1.0,24.72,25.03,3946.0,3952.4
1800.0,E0_2600m,E0,2600,0.98,1.0,24.55,24.98,3942.0,3950.8
1800.0,E0_2700m,E0,2700,0.97,1.0,24.3,24.93,3934.4,3942.4
1800.0,E0_2800m,E0,2800,0.96,1.0,23.91,24.89,3933.2,3942.4
1800.0,E0_2900m,E0,2900,0.94,1.0,23.26,24.84,3938.0,3943.6
1800.0,E0_3000m,E0,3000,0.89,1.0,22.16,24.8,3946.4,3950.0
1800.0,E0_3100m,E0,3100,0.89,1.0,22.02,24.77,3945.6,3955.6
1800.0,E0_3200m,E0,3200,0.89,1.0,22.09,24.75,3939.6,3957.2
1800.0,E0_3300m,E0,3300,0.89,1.0,22.1,24.72,3942.8,3960.4
1800.0,E0_3400m,E0,3400,0.9,0.99,22.1,24.68,3942.0,3962.8
1800.0,E0_3500m,E0,3500,0.9,0.99,22.08,24.63,3939.2,3963.2
1800.0,E0_3600m,E0,3600,0.9,1.0,22.09,24.59,3946.4,3956.4
1800.0,E0_3700m,E0,3700,0.9,1.0,22.1,24.58,3953.2,3962.0
1800.0,E0_3800m,E0,3800,0.9,1.0,22.11,24.57,3964.4,3979.2
1800.0,E0_3900m,E0,3900,0.9,1.0,22.15,24.54,3964.8,3982.8
1800.0,E0_4000m,E0,4000,0.94,1.0,23.01,24.51,3966.8,3985.6
1800.0,E0_4100m,E0,4100,1.05,0.99,25.6,24.48,3964.0,3986.4
1800.0,E0_4200m,E0,4200,1.05,0.99,25.79,24.47,3952.8,3978.0
1800.0,E0_4300m,E0,4300,1.05,0.99,25.73,24.47,3952.0,3972.4
1800.0,E0_4400m,E0,4400,1.05,1.0,25.65,24.46,3960.8,3966.8
1800.0,E0_4500m,E0,4500,1.05,1.0,25.55,24.45,3957.2,3963.6
1800.0,E0_4600m,E0,4600,1.04,1.0,25.46,24.46,3960.0,3968.4
1800.0,E0_4700m,E0,4700,1.04,1.0,25.4,24.48,3956.8,3966.4
1800.0,E0_4800m,E0,4800,1.04,1.0,25.37,24.5,3954.0,3969.6
1800.0,E0_4900m,E0,4900,1.03,1.0,25.34,24.54,3952.8,3971.2
1800.0,E0_5000m,E0,5000,1.03,0.99,25.31,24.59,3955.2,3978.8
2100.0,E0_0m,E0,0,-1.0,1.0,-1.0,-1.0,0.0,0.0
2100.0,E0_100m,E0,100,0.99,1.0,26.55,26.7,4057.6,4060.0
2100.0,E0_200m,E0,200,1.0,1.0,26.79,26.84,4056.0,4056.4
2100.0,E0_300m,E0,300,1.0,1.0,26.76,26.78,4053.6,4053.6
2100.0,E0_400m,E0,400,1.0,1.0,26.67,26.65,4053.2,4054.0
2100.0,E0_500m,E0,500,1.0,1.0,26.59,26.55,4049.6,4049.6
2100.0,E0_600m,E0,600,1.0,1.0,26.5,26.44,4048.8,4048.4
2100.0,E0_700m,E0,700,1.0,1.0,26.4,26.32,4044.8,4046.8
2100.0,E0_800m,E0,800,1.0,1.0,26.3,26.22,4042.4,4045.6
2100.0,E0_900m,E0,900,1.0,1.0,26.22,26.12,4036.4,4038.4
2100.0,E0_1000m,E0,1000,1.0,1.0,26.14,26.03,4032.0,4032.4
2100.0,E0_1100m,E0,1100,1.0,1.0,26.06,25.94,4023.6,4028.8
2100.0,E0_1200m,E0,1200,1.01,1.0,25.99,25.85,4028.8,4029.6
2100.0,E0_1300m,E0,1300,1.01,1.0,25.9,25.75,4026.8,4027.6
2100.0,E0_1400m,E0,1400,1.01,1.0,25.82,25.67,4034.0,4032.0
2100.0,E0_1500m,E0,1500,1.01,1.0,25.75,25.6,4033.6,4030.8
2100.0,E0_1600m,E0,1600,1.01,1.0,25.68,25.53,4045.6,4039.6
2100.0,E0_1700m,E0,1700,1.0,1.0,25.6,25.48,4046.0,4040.4
2100.0,E0_1800m,E0,1800,1.0,1.0,25.54,25.42,4054.0,4045.2
2100.0,E0_1900m,E0,1900,1.0,1.0,25.47,25.36,4051.2,4044.4
2100.0,E0_2000m,E0,2000,1.0,1.0,25.41,25.29,4056.0,4050.0
2100.0,E0_2100m,E0,2100,1.0,1.0,25.35,25.23,4061.6,4056.4
2100.0,E0_2200m,E0,2200,1.0,1.0,25.27,25.16,4063.6,4059.6
2100.0,E0_2300m,E0,2300,1.0,1.0,25.17,25.1,4063.6,4059.6
2100.0,E0_2400m,E0,2400,1.0,1.0,25.04,25.05,4064.4,4060.0
2100.0,E0_2500m,E0,2500,1.0,1.0,24.9,24.99,4075.2,4062.4
2100.0,E0_2600m,E0,2600,0.99,1.0,24.68,24.94,4078.4,4062.0
2100.0,E0_2700m,E0,2700,0.98,1.0,24.38,24.9,4081.2,4062.4
2100.0,E0_2800m,E0,2800,0.96,1.0,23.95,24.87,4077.2,4058.8
2100.0,E0_2900m,E0,2900,0.94,1.0,23.27,24.84,4076.0,4058.4
2100.0,E0_3000m,E0,3000,0.89,1.0,22.19,24.8,4064.0,4050.0
2100.0,E0_3100m,E0,3100,0.89,1.01,22.05,24.77,4068.8,4048.4
2100.0,E0_3200m,E0,3200,0.9,1.01,22.13,24.73,4070.0,4046.4
2100.0,E0_3300m,E0,3300,0.9,1.0,22.15,24.68,4064.4,4044.4
2100.0,E0_3400m,E0,3400,0.9,1.01,22.15,24.65,4063.6,4041.6
2100.0,E0_3500m,E0,3500,0.9,1.01,22.14,24.63,4059.2,4034.4
2100.0,E0_3600m,E0,3600,0.9,1.0,22.13,24.62,4049.2,4029.2
2100.0,E0_3700m,E0,3700,0.9,1.01,22.13,24.61,4038.8,4016.8
2100.0,E0_3800m,E0,3800,0.9,1.01,22.13,24.59,4035.2,3998.4
2100.0,E0_3900m,E0,3900,0.9,1.01,22.18,24.58,4032.0,3989.6
2100.0,E0_4000m,E0,4000,0.94,1.01,23.1,24.57,4025.2,3982.0
2100.0,E0_4100m,E0,4100,1.05,1.01,25.82,24.57,4021.2,3979.2
2100.0,E0_4200m,E0,4200,1.06,1.01,26.0,24.57,4024.0,3977.6
2100.0,E0_4300m,E0,4300,1.05,1.01,25.91,24.57,4020.0,3972.4
2100.0,E0_4400m,E0,4400,1.05,1.01,25.82,24.57,4004.4,3969.6
2100.0,E0_4500m,E0,4500,1.05,1.01,25.73,24.56,4002.4,3970.8
2100.0,E0_4600m,E0,4600,1.04,1.01,25.64,24.57,4005.6,3967.2
2100.0,E0_4700m,E0,4700,1.04,1.01,25.6,24.6,4006.4,3968.0
2100.0,E0_4800m,E0,4800,1.04,1.01,25.57,24.63,4016.4,3959.2
2100.0,E0_4900m,E0,4900,1.04,1.02,25.55,24.67,4022.8,3956.4
2100.0,E0_5000m,E0,5000,1.03,1.02,25.55,24.72,4015.2,3945.6
2400.0,E0_0m,E0,0,-1.0,1.0,-1.0,-1.0,0.0,0.0
2400.0,E0_100m,E0,100,0.98,1.0,26.18,26.82,3982.8,3977.6
2400.0,E0_200m,E0,200,0.99,1.0,26.62,26.94,3982.8,3978.4
2400.0,E0_300m,E0,300,0.99,1.0,26.65,26.82,3982.4,3982.0
2400.0,E0_400m,E0,400,1.0,1.0,26.61,26.7,3989.6,3987.2
2400.0,E0_500m,E0,500,1.0,1.0,26.52,26.54,3998.8,3999.2
2400.0,E0_600m,E0,600,1.0,1.0,26.38,26.38,4002.0,4003.2
2400.0,E0_700m,E0,700,1.0,1.0,26.25,26.24,4006.8,4006.0
2400.0,E0_800m,E0,800,1.0,1.0,26.14,26.14,4010.0,4008.4
2400.0,E0_900m,E0,900,1.0,1.0,26.02,26.02,4018.8,4019.2
2400.0,E0_1000m,E0,1000,1.0,1.0,25.9,25.9,4023.2,4022.4
2400.0,E0_1100m,E0,1100,1.0,1.0,25.8,25.79,4028.4,4024.0
2400.0,E0_1200m,E0,1200,1.0,1.0,25.72,25.7,4025.2,4023.6
2400.0,E0_1300m,E0,1300,1.0,1.0,25.67,25.62,4021.6,4024.0
2400.0,E0_1400m,E0,1400,1.0,1.0,25.62,25.53,4016.4,4022.4
2400.0,E0_1500m,E0,1500,1.0,1.0,25.55,25.46,4012.4,4015.6
2400.0,E0_1600m,E0,1600,1.0,1.0,25.48,25.42,4004.4,4011.6
2400.0,E0_1700m,E0,1700,1.0,1.0,25.42,25.38,4006.8,4014.0
2400.0,E0_1800m,E0,1800,1.0,1.0,25.37,25.35,4002.8,4010.0
2400.0,E0_1900m,E0,1900,1.0,1.0,25.33,25.33,4006.0,4007.2
2400.0,E0_2000m,E0,2000,1.0,1.0,25.27,25.29,4002.4,4004.0
2400.0,E0_2100m,E0,2100,1.0,1.0,25.18,25.25,3996.8,3997.6
2400.0,E0_2200m,E0,2200,0.99,1.0,25.06,25.23,3993.2,3993.2
2400.0,E0_2300m,E0,2300,0.99,1.0,24.85,25.2,3995.6,3994.8
2400.0,E0_2400m,E0,2400,0.97,1.0,24.51,25.18,3995.6,3997.6
2400.0,E0_2500m,E0,2500,0.96,1.0,24.02,25.15,3987.2,3998.8
2400.0,E0_2600m,E0,2600,0.93,1.0,23.31,25.1,3983.2,3999.6
2400.0,E0_2700m,E0,2700,0.89,0.99,22.33,25.06,3979.6,4006.8
2400.0,E0_2800m,E0,2800,0.84,0.99,21.12,25.03,3981.6,4012.8
2400.0,E0_2900m,E0,2900,0.79,0.99,19.67,24.98,3968.8,4012.0
2400.0,E0_3000m,E0,3000,0.72,0.99,17.96,24.94,3970.4,4017.2
2400.0,E0_3100m,E0,3100,0.71,0.98,17.78,24.91,3951.6,4024.0
2400.0,E0_3200m,E0,3200,0.72,0.98,17.83,24.91,3934.8,4023.6
2400.0,E0_3300m,E0,3300,0.72,0.98,17.84,24.88,3920.4,4016.8
2400.0,E0_3400m,E0,3400,0.72,0.97,17.82,24.84,3905.6,4013.2
2400.0,E0_3500m,E0,3500,0.72,0.97,17.8,24.8,3886.8,4012.0
2400.0,E0_3600m,E0,3600,0.72,0.97,17.81,24.78,3873.6,4009.2
2400.0,E0_3700m,E0,3700,0.72,0.96,17.81,24.74,3863.2,4016.8
2400.0,E0_3800m,E0,3800,0.72,0.96,17.8,24.71,3850.4,4012.8
2400.0,E0_3900m,E0,3900,0.72,0.96,17.81,24.68,3839.2,4012.0
2400.0,E0_4000m,E0,4000,0.78,0.95,19.27,24.66,3828.4,4014.0
2400.0,E0_4100m,E0,4100,1.07,0.95,26.48,24.65,3825.2,4017.2
2400.0,E0_4200m,E0,4200,1.11,0.95,27.37,24.64,3833.6,4030.8
2400.0,E0_4300m,E0,4300,1.11,0.95,27.28,24.62,3836.0,4043.2
2400.0,E0_4400m,E0,4400,1.1,0.95,27.1,24.61,3845.6,4056.8
2400.0,E0_4500m,E0,4500,1.09,0.95,26.91,24.61,3851.2,4064.4
2400.0,E0_4600m,E0,4600,1.09,0.95,26.73,24.62,3851.2,4070.8
2400.0,E0_4700m,E0,4700,1.08,0.95,26.58,24.62,3854.4,4072.8
2400.0,E0_4800m,E0,4800,1.07,0.94,26.45,24.63,3852.8,4077.6
2400.0,E0_4900m,E0,4900,1.07,0.95,26.31,24.63,3857.2,4074.8
2400.0,E0_5000m,E0,5000,1.06,0.95,26.17,24.68,3864.4,4078.8
2700.0,E0_0m,E0,0,-1.0,1.0,-1.0,-1.0,0.0,0.0
2700.0,E0_100m,E0,100,0.98,1.0,26.29,26.97,3959.6,3961.2
2700.0,E0_200m,E0,200,0.99,1.0,26.73,27.07,3961.2,3963.2
2700.0,E0_300m,E0,300,0.99,1.0,26.75,26.98,3968.0,3966.4
2700.0,E0_400m,E0,400,0.99,1.0,26.67,26.82,3965.2,3966.4
2700.0,E0_500m,E0,500,1.0,1.0,26.58,26.67,3962.8,3964.0
2700.0,E0_600m,E0,600,1.0,1.0,26.48,26.51,3960.4,3962.0
2700.0,E0_700m,E0,700,1.0,1.0,26.38,26.37,3961.6,3962.0
2700.0,E0_800m,E0,800,1.0,1.0,26.28,26.25,3962.4,3963.6
2700.0,E0_900m,E0,900,1.0,1.0,26.18,26.14,3967.2,3967.6
2700.0,E0_1000m,E0,1000,1.0,1.0,26.09,26.04,3964.4,3965.2
2700.0,E0_1100m,E0,1100,1.0,1.0,26.0,25.92,3964.8,3966.0
2700.0,E0_1200m,E0,1200,1.0,1.0,25.93,25.85,3960.0,3959.2
2700.0,E0_1300m,E0,1300,1.0,1.0,25.88,25.79,3960.8,3958.8
2700.0,E0_1400m,E0,1400,1.0,1.0,25.81,25.73,3964.0,3959.2
2700.0,E0_1500m,E0,1500,1.0,1.0,25.75,25.66,3966.0,3962.8
2700.0,E0_1600m,E0,1600,1.0,1.0,25.69,25.59,3977.2,3969.6
2700.0,E0_1700m,E0,1700,1.0,1.0,25.63,25.52,3982.0,3971.6
2700.0,E0_1800m,E0,1800,1.0,1.0,25.56,25.45,3978.4,3970.0
2700.0,E0_1900m,E0,1900,1.0,1.0,25.48,25.4,3976.4,3972.8
2700.0,E0_2000m,E0,2000,1.0,1.0,25.39,25.38,3974.4,3970.4
2700.0,E0_2100m,E0,2100,1.0,1.0,25.27,25.34,3974.0,3970.0
2700.0,E0_2200m,E0,2200,0.99,1.0,25.09,25.31,3974.0,3970.8
2700.0,E0_2300m,E0,2300,0.98,1.0,24.81,25.3,3978.8,3972.8
2700.0,E0_2400m,E0,2400,0.97,1.0,24.43,25.29,3977.2,3967.6
2700.0,E0_2500m,E0,2500,0.95,1.0,23.91,25.25,3976.8,3967.6
2700.0,E0_2600m,E0,2600,0.92,1.0,23.21,25.23,3979.2,3972.0
2700.0,E0_2700m,E0,2700,0.89,1.0,22.31,25.2,3982.4,3973.2
2700.0,E0_2800m,E0,2800,0.84,1.0,21.12,25.17,3983.6,3975.6
2700.0,E0_2900m,E0,2900,0.78,1.0,19.68,25.14,3987.2,3985.2
2700.0,E0_3000m,E0,3000,0.72,1.0,17.99,25.09,3981.2,3985.2
2700.0,E0_3100m,E0,3100,0.71,1.0,17.8,25.07,3978.8,3976.4
2700.0,E0_3200m,E0,3200,0.71,1.0,17.83,25.03,3980.0,3978.8
2700.0,E0_3300m,E0,3300,0.71,1.0,17.82,24.99,3981.6,3989.6
2700.0,E0_3400m,E0,3400,0.71,1.0,17.79,24.95,3987.6,3990.8
2700.0,E0_3500m,E0,3500,0.71,1.0,17.76,24.9,3991.2,3998.0
2700.0,E0_3600m,E0,3600,0.71,1.0,17.76,24.85,3995.2,4003.2
2700.0,E0_3700m,E0,3700,0.72,1.0,17.77,24.82,3997.6,4002.4
2700.0,E0_3800m,E0,3800,0.72,1.0,17.76,24.78,3998.8,4011.2
2700.0,E0_3900m,E0,3900,0.72,1.0,17.79,24.76,4004.0,4018.0
2700.0,E0_4000m,E0,4000,0.78,1.0,19.23,24.73,4002.8,4020.8
2700.0,E0_4100m,E0,4100,1.06,1.0,26.23,24.69,4008.8,4026.4
2700.0,E0_4200m,E0,4200,1.1,1.0,27.01,24.66,4006.4,4022.4
2700.0,E0_4300m,E0,4300,1.09,1.0,26.94,24.65,4006.4,4013.6
2700.0,E0_4400m,E0,4400,1.09,1.0,26.79,24.65,4005.2,4008.4
2700.0,E0_4500m,E0,4500,1.08,1.0,26.66,24.65,4002.0,4005.2
2700.0,E0_4600m,E0,4600,1.08,1.0,26.55,24.66,3997.2,4001.2
2700.0,E0_4700m,E0,4700,1.07,1.0,26.42,24.69,3992.4,3998.4
2700.0,E0_4800m,E0,4800,1.06,1.0,26.3,24.71,3990.4,4001.2
2700.0,E0_4900m,E0,4900,1.06,0.99,26.19,24.73,3985.6,4006.0
2700.0,E0_5000m,E0,5000,1.05,1.0,26.11,24.77,3982.0,3998.8
3000.0,E0_0m,E0,0,-1.0,1.0,-1.0,-1.0,0.0,0.0
3000.0,E0_100m,E0,100,0.98,1.0,26.09,26.73,4058.4,4056.8
3000.0,E0_200m,E0,200,0.99,1.0,26.49,26.79,4052.8,4052.8
3000.0,E0_300m,E0,300,0.99,1.0,26.52,26.68,4045.6,4046.0
3000.0,E0_400m,E0,400,1.0,1.0,26.48,26.54,4044.8,4043.2
3000.0,E0_500m,E0,500,1.0,1.0,26.39,26.4,4039.6,4039.2
3000.0,E0_600m,E0,600,1.0,1.0,26.29,26.27,4039.6,4038.0
3000.0,E0_700m,E0,700,1.0,1.0,26.19,26.15,4038.8,4039.6
3000.0,E0_800m,E0,800,1.0,1.0,26.08,26.05,4037.2,4035.6
3000.0,E0_900m,E0,900,1.0,1.0,26.0,25.97,4030.4,4028.4
3000.0,E0_1000m,E0,1000,1.0,1.0,25.91,25.9,4036.0,4032.0
3000.0,E0_1100m,E0,1100,1.0,1.0,25.83,25.81,4036.4,4035.2
3000.0,E0_1200m,E0,1200,1.0,1.0,25.74,25.7,4042.8,4038.4
3000.0,E0_1300m,E0,1300,1.0,1.0,25.67,25.61,4048.4,4040.0
3000.0,E0_1400m,E0,1400,1.0,1.0,25.62,25.55,4046.0,4034.4
3000.0,E0_1500m,E0,1500,1.0,1.0,25.56,25.49,4041.2,4032.4
3000.0,E0_1600m,E0,1600,1.0,1.0,25.48,25.42,4027.6,4018.8
3000.0,E0_1700m,E0,1700,1.0,1.0,25.4,25.37,4014.4,4015.2
3000.0,E0_1800m,E0,1800,1.0,1.0,25.32,25.33,4012.8,4012.0
3000.0,E0_1900m,E0,1900,1.0,1.0,25.23,25.28,4017.6,4014.4
3000.0,E0_2000m,E0,2000,1.0,1.0,25.1,25.22,4022.0,4021.2
3000.0,E0_2100m,E0,2100,0.99,1.0,24.96,25.16,4020.4,4022.4
3000.0,E0_2200m,E0,2200,0.99,1.0,24.78,25.11,4015.6,4016.4
3000.0,E0_2300m,E0,2300,0.98,1.0,24.56,25.1,4008.0,4013.2
3000.0,E0_2400m,E0,2400,0.97,1.0,24.22,25.07,4014.0,4022.0
3000.0,E0_2500m,E0,2500,0.95,1.0,23.75,25.04,4012.4,4021.2
3000.0,E0_2600m,E0,2600,0.92,1.0,23.08,25.0,4010.8,4014.8
3000.0,E0_2700m,E0,2700,0.89,1.0,22.16,24.96,4004.4,4009.6
3000.0,E0_2800m,E0,2800,0.84,1.0,20.94,24.94,3994.4,4004.0
3000.0,E0_2900m,E0,2900,0.78,1.0,19.5,24.9,3983.6,3986.4
3000.0,E0_3000m,E0,3000,0.72,1.0,17.92,24.88,3975.6,3979.2
3000.0,E0_3100m,E0,3100,0.71,1.0,17.77,24.86,3971.6,3972.8
3000.0,E0_3200m,E0,3200,0.72,1.0,17.82,24.84,3969.6,3961.6
3000.0,E0_3300m,E0,3300,0.72,1.0,17.82,24.82,3967.2,3950.4
3000.0,E0_3400m,E0,3400,0.72,1.0,17.81,24.8,3957.6,3957.2
3000.0,E0_3500m,E0,3500,0.72,1.0,17.8,24.78,3956.4,3956.4
3000.0,E0_3600m,E0,3600,0.72,1.0,17.79,24.78,3947.2,3951.6
3000.0,E0_3700m,E0,3700,0.72,1.0,17.79,24.75,3941.2,3942.4
3000.0,E0_3800m,E0,3800,0.72,1.0,17.77,24.73,3933.2,3935.6
3000.0,E0_3900m,E0,3900,0.72,1.0,17.8,24.73,3933.2,3929.6
3000.0,E0_4000m,E0,4000,0.78,1.0,19.23,24.72,3932.4,3924.8
3000.0,E0_4100m,E0,4100,1.07,1.0,26.41,24.7,3929.2,3915.6
3000.0,E0_4200m,E0,4200,1.11,1.0,27.32,24.69,3928.8,3910.8
3000.0,E0_4300m,E0,4300,1.11,1.0,27.27,24.68,3932.8,3918.0
3000.0,E0_4400m,E0,4400,1.1,1.0,27.13,24.66,3936.8,3921.6
3000.0,E0_4500m,E0,4500,1.09,1.0,26.98,24.65,3941.6,3923.6
3000.0,E0_4600m,E0,4600,1.09,1.01,26.83,24.64,3945.6,3924.0
3000.0,E0_4700m,E0,4700,1.08,1.01,26.7,24.65,3954.8,3930.0
3000.0,E0_4800m,E0,4800,1.08,1.01,26.58,24.68,3958.8,3932.0
3000.0,E0_4900m,E0,4900,1.07,1.01,26.46,24.7,3967.2,3933.6
3000.0,E0_5000m,E0,5000,1.06,1.01,26.36,24.76,3970.4,3939.2
3300.0,E0_0m,E0,0,-1.0,1.0,-1.0,-1.0,0.0,0.0
3300.0,E0_100m,E0,100,0.98,1.0,26.11,26.74,3980.8,3979.6
3300.0,E0_200m,E0,200,0.99,1.0,26.58,26.9,3982.8,3982.0
3300.0,E0_300m,E0,300,0.99,1.0,26.61,26.82,3980.8,3980.4
3300.0,E0_400m,E0,400,1.0,1.0,26.56,26.69,3979.2,3978.8
3300.0,E0_500m,E0,500,1.0,1.0,26.48,26.54,3981.6,3980.4
3300.0,E0_600m,E0,600,1.0,1.0,26.36,26.39,3980.8,3983.2
3300.0,E0_700m,E0,700,1.0,1.0,26.25,26.26,3976.4,3978.0
3300.0,E0_800m,E0,800,1.0,1.0,26.14,26.12,3978.4,3979.6
3300.0,E0_900m,E0,900,1.0,1.0,26.04,25.99,3977.6,3978.4
3300.0,E0_1000m,E0,1000,1.0,1.0,25.95,25.88,3970.8,3974.0
3300.0,E0_1100m,E0,1100,1.0,1.0,25.85,25.78,3966.8,3968.4
3300.0,E0_1200m,E0,1200,1.0,1.0,25.75,25.66,3966.4,3971.2
3300.0,E0_1300m,E0,1300,1.0,1.0,25.66,25.55,3958.0,3969.2
3300.0,E0_1400m,E0,1400,1.0,1.0,25.55,25.46,3958.0,3972.4
3300.0,E0_1500m,E0,1500,1.0,1.0,25.43,25.36,3962.8,3976.8
3300.0,E0_1600m,E0,1600,1.0,1.0,25.31,25.25,3966.8,3985.2
3300.0,E0_1700m,E0,1700,1.0,1.0,25.16,25.16,3975.6,3986.8
3300.0,E0_1800m,E0,1800,1.0,1.0,25.01,25.07,3974.4,3983.2
3300.0,E0_1900m,E0,1900,1.0,1.0,24.86,24.98,3979.6,3987.2
3300.0,E0_2000m,E0,2000,0.99,1.0,24.73,24.88,3984.4,3988.0
3300.0,E0_2100m,E0,2100,0.99,1.0,24.54,24.81,3993.2,3993.2
3300.0,E0_2200m,E0,2200,0.98,1.0,24.31,24.76,4001.2,4001.6
3300.0,E0_2300m,E0,2300,0.97,1.0,24.02,24.7,4002.8,4003.6
3300.0,E0_2400m,E0,2400,0.96,1.0,23.65,24.66,4004.0,4003.6
3300.0,E0_2500m,E0,2500,0.94,1.0,23.17,24.62,4011.6,4005.6
3300.0,E0_2600m,E0,2600,0.92,1.0,22.53,24.59,4011.2,4008.4
3300.0,E0_2700m,E0,2700,0.88,1.0,21.68,24.54,4016.8,4011.6
3300.0,E0_2800m,E0,2800,0.84,1.0,20.59,24.51,4020.0,4014.0
3300.0,E0_2900m,E0,2900,0.79,1.0,19.31,24.47,4024.4,4020.4
3300.0,E0_3000m,E0,3000,0.73,1.0,17.88,24.43,4027.6,4025.2
3300.0,E0_3100m,E0,3100,0.73,1.0,17.74,24.39,4035.6,4030.8
3300.0,E0_3200m,E0,3200,0.73,1.0,17.78,24.37,4044.4,4035.2
3300.0,E0_3300m,E0,3300,0.73,1.0,17.79,24.36,4044.4,4042.4
3300.0,E0_3400m,E0,3400,0.73,1.0,17.78,24.34,4045.2,4038.4
3300.0,E0_3500m,E0,3500,0.73,1.0,17.76,24.33,4051.6,4032.4
3300.0,E0_3600m,E0,3600,0.73,1.01,17.76,24.32,4060.4,4033.6
3300.0,E0_3700m,E0,3700,0.73,1.01,17.76,24.32,4064.0,4041.6
3300.0,E0_3800m,E0,3800,0.73,1.01,17.74,24.3,4072.4,4050.0
3300.0,E0_3900m,E0,3900,0.73,1.0,17.77,24.28,4066.4,4054.0
3300.0,E0_4000m,E0,4000,0.79,1.0,19.2,24.26,4070.4,4057.2
3300.0,E0_4100m,E0,4100,1.08,1.0,26.23,24.26,4070.4,4060.4
3300.0,E0_4200m,E0,4200,1.11,1.0,26.95,24.27,4065.2,4059.2
3300.0,E0_4300m,E0,4300,1.11,1.0,26.87,24.29,4064.0,4061.2
3300.0,E0_4400m,E0,4400,1.1,1.0,26.71,24.31,4058.4,4056.8
3300.0,E0_4500m,E0,4500,1.09,1.0,26.55,24.32,4052.8,4048.4
3300.0,E0_4600m,E0,4600,1.08,1.0,26.39,24.35,4056.4,4039.2
3300.0,E0_4700m,E0,4700,1.08,1.0,26.24,24.37,4052.8,4035.2
3300.0,E0_4800m,E0,4800,1.07,1.0,26.11,24.39,4048.0,4032.0
3300.0,E0_4900m,E0,4900,1.06,1.0,26.01,24.44,4041.2,4031.6
3300.0,E0_5000m,E0,5000,1.06,1.0,25.92,24.49,4036.4,4037.6
3600.0,E0_0m,E0,0,-1.0,1.0,-1.0,-1.0,0.0,0.0
3600.0,E0_100m,E0,100,0.98,1.0,26.07,26.73,4013.6,4019.2
3600.0,E0_200m,E0,200,0.99,1.0,26.51,26.81,4010.8,4011.6
3600.0,E0_300m,E0,300,0.99,1.0,26.56,26.71,4011.6,4013.2
3600.0,E0_400m,E0,400,1.0,1.0,26.52,26.59,4013.2,4015.2
3600.0,E0_500m,E0,500,1.0,1.0,26.45,26.47,4019.2,4019.6
3600.0,E0_600m,E0,600,1.0,1.0,26.35,26.35,4020.4,4020.4
3600.0,E0_700m,E0,700,1.0,1.0,26.25,26.25,4024.4,4023.2
3600.0,E0_800m,E0,800,1.0,1.0,26.14,26.13,4027.6,4028.4
3600.0,E0_900m,E0,900,1.0,1.0,26.04,26.02,4030.0,4032.4
3600.0,E0_1000m,E0,1000,1.0,1.0,25.96,25.94,4040.0,4039.2
3600.0,E0_1100m,E0,1100,1.0,1.0,25.87,25.86,4043.2,4042.0
3600.0,E0_1200m,E0,1200,1.0,1.0,25.82,25.78,4040.4,4040.4
3600.0,E0_1300m,E0,1300,1.0,1.0,25.77,25.7,4046.8,4044.4
3600.0,E0_1400m,E0,1400,1.0,1.0,25.71,25.63,4056.4,4052.4
3600.0,E0_1500m,E0,1500,1.0,1.0,25.63,25.57,4063.6,4057.2
3600.0,E0_1600m,E0,1600,1.0,1.0,25.57,25.52,4069.2,4057.6
3600.0,E0_1700m,E0,1700,1.0,1.0,25.51,25.47,4067.2,4059.2
3600.0,E0_1800m,E0,1800,1.0,1.0,25.46,25.44,4071.6,4064.4
3600.0,E0_1900m,E0,1900,1.0,1.0,25.42,25.4,4063.2,4064.0
3600.0,E0_2000m,E0,2000,1.0,1.0,25.34,25.35,4054.4,4055.2
3600.0,E0_2100m,E0,2100,1.0,1.0,25.23,25.31,4046.8,4053.2
3600.0,E0_2200m,E0,2200,0.99,1.0,25.06,25.25,4050.8,4055.2
3600.0,E0_2300m,E0,2300,0.99,1.0,24.84,25.21,4055.6,4058.8
3600.0,E0_2400m,E0,2400,0.97,1.0,24.47,25.16,4046.0,4055.6
3600.0,E0_2500m,E0,2500,0.95,1.0,23.9,25.13,4040.4,4056.8
3600.0,E0_2600m,E0,2600,0.92,1.0,23.13,25.08,4045.2,4058.4
3600.0,E0_2700m,E0,2700,0.88,1.0,22.1,25.02,4045.2,4059.6
3600.0,E0_2800m,E0,2800,0.84,0.99,20.85,24.97,4044.0,4065.6
3600.0,E0_2900m,E0,2900,0.78,0.99,19.44,24.94,4044.8,4065.2
3600.0,E0_3000m,E0,3000,0.72,1.0,17.9,24.9,4042.0,4058.4
3600.0,E0_3100m,E0,3100,0.71,1.0,17.77,24.86,4036.4,4053.6
3600.0,E0_3200m,E0,3200,0.72,0.99,17.8,24.84,4028.4,4050.0
3600.0,E0_3300m,E0,3300,0.72,1.0,17.81,24.81,4026.8,4042.8
3600.0,E0_3400m,E0,3400,0.72,1.0,17.79,24.79,4024.0,4034.8
3600.0,E0_3500m,E0,3500,0.72,0.99,17.77,24.76,4016.0,4037.2
3600.0,E0_3600m,E0,3600,0.72,0.99,17.77,24.73,4004.8,4036.0
3600.0,E0_3700m,E0,3700,0.72,0.99,17.78,24.71,3999.2,4026.8
3600.0,E0_3800m,E0,3800,0.72,0.99,17.76,24.69,3993.2,4018.8
3600.0,E0_3900m,E0,3900,0.72,0.99,17.78,24.68,3986.0,4013.6
3600.0,E0_4000m,E0,4000,0.78,0.99,19.22,24.67,3983.2,4011.6
3600.0,E0_4100m,E0,4100,1.06,0.99,26.26,24.66,3985.6,4010.4
3600.0,E0_4200m,E0,4200,1.1,1.0,27.1,24.65,3986.8,4006.8
3600.0,E0_4300m,E0,4300,1.1,1.0,27.05,24.62,3985.6,3997.6
3600.0,E0_4400m,E0,4400,1.1,1.0,26.92,24.58,3987.2,3992.0
3600.0,E0_4500m,E0,4500,1.09,1.0,26.78,24.56,3990.4,3992.0
3600.0,E0_4600m,E0,4600,1.09,1.0,26.66,24.56,3988.4,4001.6
3600.0,E0_4700m,E0,4700,1.08,1.0,26.53,24.55,3988.8,4002.8
3600.0,E0_4800m,E0,4800,1.07,1.0,26.39,24.55,3995.6,3999.6
3600.0,E0_4900m,E0,4900,1.07,1.0,26.26,24.56,4000.0,3999.2
3600.0,E0_5000m,E0,5000,1.06,1.0,26.15,24.6,3997.6,3999.6
3900.0,E0_0m,E0,0,-1.0,1.0,-1.0,-1.0,0.0,0.0
3900.0,E0_100m,E0,100,0.98,1.0,26.17,26.78,3983.2,3982.0
3900.0,E0_200m,E0,200,0.99,1.0,26.62,26.88,3989.6,3991.2
3900.0,E0_300m,E0,300,0.99,1.0,26.63,26.77,3995.2,3996.4
3900.0,E0_400m,E0,400,1.0,1.0,26.54,26.61,4005.2,4006.0
3900.0,E0_500m,E0,500,1.0,1.0,26.43,26.48,4001.6,4004.4
3900.0,E0_600m,E0,600,1.0,1.0,26.31,26.36,4005.6,4004.8
3900.0,E0_700m,E0,700,1.0,1.0,26.19,26.24,4012.0,4013.2
3900.0,E0_800m,E0,800,1.0,1.0,26.1,26.1,4006.4,4007.6
3900.0,E0_900m,E0,900,1.0,1.0,25.99,25.99,4005.2,4004.0
3900.0,E0_1000m,E0,1000,1.0,1.0,25.89,25.86,3994.8,3996.8
3900.0,E0_1100m,E0,1100,1.0,1.0,25.8,25.73,3992.0,3994.4
3900.0,E0_1200m,E0,1200,1.0,1.0,25.68,25.63,3993.2,3996.8
3900.0,E0_1300m,E0,1300,1.0,1.0,25.58,25.55,3998.8,3999.2
3900.0,E0_1400m,E0,1400,1.0,1.0,25.49,25.46,3998.4,3999.2
3900.0,E0_1500m,E0,1500,1.0,1.0,25.41,25.39,3990.4,3993.6
3900.0,E0_1600m,E0,1600,1.0,1.0,25.35,25.34,3982.8,3986.4
3900.0,E0_1700m,E0,1700,1.0,1.0,25.28,25.3,3981.2,3982.4
3900.0,E0_1800m,E0,1800,1.0,1.0,25.22,25.26,3974.0,3978.8
3900.0,E0_1900m,E0,1900,1.0,1.0,25.16,25.22,3969.2,3965.6
3900.0,E0_2000m,E0,2000,1.0,1.0,25.08,25.17,3966.4,3967.2
3900.0,E0_2100m,E0,2100,1.0,1.0,24.98,25.1,3967.2,3964.4
3900.0,E0_2200m,E0,2200,0.99,1.0,24.84,25.04,3962.0,3962.8
3900.0,E0_2300m,E0,2300,0.99,1.0,24.62,25.0,3957.2,3957.6
3900.0,E0_2400m,E0,2400,0.97,1.0,24.28,24.97,3959.6,3952.8
3900.0,E0_2500m,E0,2500,0.95,1.0,23.78,24.95,3957.6,3947.6
3900.0,E0_2600m,E0,2600,0.93,1.0,23.08,24.93,3952.0,3940.4
3900.0,E0_2700m,E0,2700,0.89,1.0,22.13,24.9,3946.4,3935.2
3900.0,E0_2800m,E0,2800,0.84,1.01,20.92,24.88,3951.2,3930.8
3900.0,E0_2900m,E0,2900,0.78,1.01,19.51,24.86,3954.0,3931.6
3900.0,E0_3000m,E0,3000,0.72,1.0,17.92,24.86,3956.8,3939.6
3900.0,E0_3100m,E0,3100,0.71,1.0,17.76,24.85,3963.2,3946.8
3900.0,E0_3200m,E0,3200,0.72,1.0,17.8,24.84,3966.0,3953.2
3900.0,E0_3300m,E0,3300,0.72,1.0,17.8,24.83,3966.8,3957.6
3900.0,E0_3400m,E0,3400,0.72,1.0,17.78,24.83,3969.2,3960.8
3900.0,E0_3500m,E0,3500,0.71,1.0,17.74,24.84,3968.4,3956.4
3900.0,E0_3600m,E0,3600,0.71,1.01,17.75,24.83,3977.2,3952.4
3900.0,E0_3700m,E0,3700,0.72,1.01,17.74,24.8,3982.8,3955.2
3900.0,E0_3800m,E0,3800,0.72,1.01,17.74,24.8,3986.8,3950.4
3900.0,E0_3900m,E0,3900,0.72,1.01,17.79,24.78,4004.8,3954.4
3900.0,E0_4000m,E0,4000,0.78,1.01,19.25,24.74,4011.6,3961.6
3900.0,E0_4100m,E0,4100,1.06,1.01,26.26,24.72,4019.6,3968.0
3900.0,E0_4200m,E0,4200,1.09,1.01,27.03,24.7,4022.0,3975.6
3900.0,E0_4300m,E0,4300,1.09,1.01,26.99,24.69,4018.8,3982.4
3900.0,E0_4400m,E0,4400,1.09,1.01,26.86,24.68,4018.4,3992.4
3900.0,E0_4500m,E0,4500,1.08,1.0,26.71,24.67,4020.4,4005.6
3900.0,E0_4600m,E0,4600,1.08,1.0,26.57,24.67,4017.6,4009.6
3900.0,E0_4700m,E0,4700,1.07,1.0,26.45,24.67,4017.2,4012.8
3900.0,E0_4800m,E0,4800,1.07,1.0,26.33,24.68,4012.0,4019.6
3900.0,E0_4900m,E0,4900,1.06,1.0,26.23,24.69,4012.4,4019.2
3900.0,E0_5000m,E0,5000,1.06,1.0,26.15,24.71,4012.4,4014.8
4200.0,E0_0m,E0,0,-1.0,1.0,-1.0,-1.0,0.0,0.0
4200.0,E0_100m,E0,100,0.95,1.0,25.53,26.77,4026.0,4024.8
4200.0,E0_200m,E0,200,0.98,1.0,26.42,26.92,4025.2,4024.0
4200.0,E0_300m,E0,300,0.99,1.0,26.62,26.83,4017.2,4019.2
4200.0,E0_400m,E0,400,1.0,1.0,26.64,26.7,4004.8,4005.6
4200.0,E0_500m,E0,500,1.0,1.0,26.59,26.58,4004.8,4006.8
4200.0,E0_600m,E0,600,1.0,1.0,26.5,26.46,3999.6,4002.0
4200.0,E0_700m,E0,700,1.0,1.0,26.41,26.33,3993.6,3995.6
4200.0,E0_800m,E0,800,1.0,1.0,26.32,26.21,4001.2,4002.4
4200.0,E0_900m,E0,900,1.0,1.0,26.2,26.08,4002.0,4004.0
4200.0,E0_1000m,E0,1000,1.01,1.0,26.11,25.97,4005.2,4008.4
4200.0,E0_1100m,E0,1100,1.0,1.0,26.0,25.88,4004.0,4005.6
4200.0,E0_1200m,E0,1200,1.0,1.0,25.9,25.8,4005.2,4006.0
4200.0,E0_1300m,E0,1300,1.0,1.0,25.83,25.71,4000.0,4002.4
4200.0,E0_1400m,E0,1400,1.01,1.0,25.77,25.64,3992.8,3998.4
4200.0,E0_1500m,E0,1500,1.01,1.0,25.71,25.58,3996.0,3999.2
4200.0,E0_1600m,E0,1600,1.01,1.0,25.63,25.5,3995.2,4001.2
4200.0,E0_1700m,E0,1700,1.0,1.0,25.52,25.45,3994.8,4001.2
4200.0,E0_1800m,E0,1800,1.0,1.0,25.35,25.38,3994.8,4003.6
4200.0,E0_1900m,E0,1900,0.99,1.0,25.11,25.34,4000.0,4016.0
4200.0,E0_2000m,E0,2000,0.98,1.0,24.76,25.29,4007.2,4018.0
4200.0,E0_2100m,E0,2100,0.96,1.0,24.3,25.23,4001.2,4019.2
4200.0,E0_2200m,E0,2200,0.94,0.99,23.69,25.17,4001.6,4022.4
4200.0,E0_2300m,E0,2300,0.91,0.99,22.91,25.11,4002.0,4028.8
4200.0,E0_2400m,E0,2400,0.88,0.99,22.0,25.05,4002.4,4037.2
4200.0,E0_2500m,E0,2500,0.84,0.99,20.94,24.97,3998.8,4043.2
4200.0,E0_2600m,E0,2600,0.79,0.98,19.73,24.92,3992.4,4053.2
4200.0,E0_2700m,E0,2700,0.74,0.98,18.39,24.85,3976.0,4054.0
4200.0,E0_2800m,E0,2800,0.68,0.98,16.98,24.79,3956.4,4055.2
4200.0,E0_2900m,E0,2900,0.63,0.97,15.53,24.74,3936.4,4060.0
4200.0,E0_3000m,E0,3000,0.56,0.97,13.78,24.69,3919.2,4060.4
4200.0,E0_3100m,E0,3100,0.55,0.96,13.51,24.65,3894.0,4058.4
4200.0,E0_3200m,E0,3200,0.55,0.95,13.46,24.6,3872.0,4058.4
4200.0,E0_3300m,E0,3300,0.55,0.95,13.44,24.55,3849.6,4060.8
4200.0,E0_3400m,E0,3400,0.55,0.94,13.43,24.49,3829.2,4067.6
4200.0,E0_3500m,E0,3500,0.55,0.93,13.42,24.44,3808.0,4075.2
4200.0,E0_3600m,E0,3600,0.55,0.93,13.43,24.41,3778.4,4074.0
4200.0,E0_3700m,E0,3700,0.55,0.92,13.43,24.39,3746.4,4072.0
4200.0,E0_3800m,E0,3800,0.55,0.91,13.44,24.34,3716.8,4073.6
4200.0,E0_3900m,E0,3900,0.55,0.9,13.44,24.29,3680.4,4075.6
4200.0,E0_4000m,E0,4000,0.62,0.9,14.97,24.26,3647.2,4073.2
4200.0,E0_4100m,E0,4100,1.05,0.89,25.48,24.24,3629.6,4068.8
4200.0,E0_4200m,E0,4200,1.15,0.89,27.82,24.22,3632.0,4069.6
4200.0,E0_4300m,E0,4300,1.15,0.89,27.85,24.19,3636.0,4068.4
4200.0,E0_4400m,E0,4400,1.14,0.9,27.62,24.17,3640.4,4060.0
4200.0,E0_4500m,E0,4500,1.13,0.9,27.4,24.17,3637.2,4050.0
4200.0,E0_4600m,E0,4600,1.12,0.9,27.19,24.18,3641.6,4040.0
4200.0,E0_4700m,E0,4700,1.12,0.9,27.0,24.18,3638.4,4029.2
4200.0,E0_4800m,E0,4800,1.11,0.91,26.83,24.2,3644.4,4024.4
4200.0,E0_4900m,E0,4900,1.1,0.91,26.68,24.24,3639.2,4015.2
4200.0,E0_5000m,E0,5000,1.09,0.91,26.55,24.29,3642.0,4003.6
4500.0,E0_0m,E0,0,-1.0,1.0,-1.0,-1.0,0.0,0.0
4500.0,E0_100m,E0,100,0.95,1.0,25.41,26.88,4057.2,4060.8
4500.0,E0_200m,E0,200,0.98,1.0,26.38,26.97,4061.2,4066.8
4500.0,E0_300m,E0,300,0.99,1.0,26.58,26.86,4073.2,4073.2
4500.0,E0_400m,E0,400,1.0,1.0,26.57,26.7,4081.2,4082.4
4500.0,E0_500m,E0,500,1.0,1.0,26.5,26.54,4085.2,4086.8
4500.0,E0_600m,E0,600,1.0,1.0,26.39,26.38,4090.0,4091.2
4500.0,E0_700m,E0,700,1.0,1.0,26.28,26.25,4090.4,4090.8
4500.0,E0_800m,E0,800,1.0,1.0,26.15,26.13,4084.8,4085.2
4500.0,E0_900m,E0,900,1.0,1.0,26.03,26.03,4081.6,4080.0
4500.0,E0_1000m,E0,1000,1.0,1.0,25.93,25.93,4085.2,4082.4
4500.0,E0_1100m,E0,1100,1.0,1.0,25.83,25.85,4085.2,4088.0
4500.0,E0_1200m,E0,1200,1.0,1.0,25.73,25.77,4084.8,4083.2
4500.0,E0_1300m,E0,1300,1.0,1.0,25.63,25.68,4084.4,4086.4
4500.0,E0_1400m,E0,1400,1.0,1.0,25.51,25.61,4081.2,4081.6
4500.0,E0_1500m,E0,1500,0.99,1.0,25.36,25.53,4070.0,4071.6
4500.0,E0_1600m,E0,1600,0.99,1.0,25.16,25.46,4064.8,4070.0
4500.0,E0_1700m,E0,1700,0.98,1.0,24.91,25.4,4066.8,4072.4
4500.0,E0_1800m,E0,1800,0.97,1.0,24.62,25.35,4067.6,4069.2
4500.0,E0_1900m,E0,1900,0.96,1.0,24.22,25.3,4060.4,4060.0
4500.0,E0_2000m,E0,2000,0.94,1.0,23.7,25.26,4052.4,4058.4
4500.0,E0_2100m,E0,2100,0.91,1.0,23.06,25.24,4054.0,4062.8
4500.0,E0_2200m,E0,2200,0.89,1.0,22.33,25.21,4045.6,4057.6
4500.0,E0_2300m,E0,2300,0.85,1.0,21.48,25.18,4037.6,4056.8
4500.0,E0_2400m,E0,2400,0.82,0.99,20.49,25.13,4019.6,4051.6
4500.0,E0_2500m,E0,2500,0.77,0.99,19.39,25.09,4008.8,4046.4
4500.0,E0_2600m,E0,2600,0.73,0.99,18.27,25.05,4000.4,4042.0
4500.0,E0_2700m,E0,2700,0.69,0.99,17.2,25.01,4003.2,4041.6
4500.0,E0_2800m,E0,2800,0.65,0.99,16.15,24.98,3996.0,4038.0
4500.0,E0_2900m,E0,2900,0.6,0.99,15.09,24.96,3994.8,4038.8
4500.0,E0_3000m,E0,3000,0.55,0.99,13.68,24.94,3988.0,4041.6
4500.0,E0_3100m,E0,3100,0.54,0.99,13.47,24.92,3986.0,4044.4
4500.0,E0_3200m,E0,3200,0.54,0.99,13.43,24.92,3979.6,4039.6
4500.0,E0_3300m,E0,3300,0.54,0.99,13.42,24.9,3977.6,4037.2
4500.0,E0_3400m,E0,3400,0.54,0.99,13.41,24.9,3978.8,4030.0
4500.0,E0_3500m,E0,3500,0.54,0.99,13.41,24.9,3976.0,4026.4
4500.0,E0_3600m,E0,3600,0.54,0.99,13.41,24.87,3981.6,4023.6
4500.0,E0_3700m,E0,3700,0.54,0.99,13.41,24.85,3989.2,4020.8
4500.0,E0_3800m,E0,3800,0.54,0.99,13.4,24.83,3994.0,4024.4
4500.0,E0_3900m,E0,3900,0.54,0.99,13.41,24.82,3990.8,4021.6
4500.0,E0_4000m,E0,4000,0.6,0.99,14.92,24.8,3991.2,4019.2
4500.0,E0_4100m,E0,4100,1.03,0.99,25.49,24.78,3989.2,4025.6
4500.0,E0_4200m,E0,4200,1.13,0.99,27.9,24.78,3989.6,4023.6
4500.0,E0_4300m,E0,4300,1.13,0.99,27.93,24.77,3985.2,4024.4
4500.0,E0_4400m,E0,4400,1.12,0.99,27.75,24.76,3984.4,4028.4
4500.0,E0_4500m,E0,4500,1.11,0.99,27.53,24.76,3987.2,4028.4
4500.0,E0_4600m,E0,4600,1.1,0.99,27.36,24.77,3981.6,4037.6
4500.0,E0_4700m,E0,4700,1.1,0.98,27.22,24.78,3982.4,4043.2
4500.0,E0_4800m,E0,4800,1.09,0.98,27.11,24.79,3977.6,4043.6
4500.0,E0_4900m,E0,4900,1.09,0.98,27.0,24.83,3982.4,4046.4
4500.0,E0_5000m,E0,5000,1.08,0.98,26.88,24.87,3980.0,4050.4
4800.0,E0_0m,E0,0,-1.0,1.0,-1.0,-1.0,0.0,0.0
4800.0,E0_100m,E0,100,0.95,1.0,25.26,26.68,4045.2,4044.0
4800.0,E0_200m,E0,200,0.98,1.0,26.3,26.8,4040.4,4038.0
4800.0,E0_300m,E0,300,0.99,1.0,26.48,26.71,4032.4,4034.0
4800.0,E0_400m,E0,400,1.0,1.0,26.48,26.58,4028.8,4030.8
4800.0,E0_500m,E0,500,1.0,1.0,26.44,26.46,4029.6,4025.6
4800.0,E0_600m,E0,600,1.0,1.0,26.34,26.33,4023.6,4018.0
4800.0,E0_700m,E0,700,1.0,1.0,26.27,26.22,4020.4,4017.2
4800.0,E0_800m,E0,800,1.0,1.0,26.19,26.12,4019.2,4012.8
4800.0,E0_900m,E0,900,1.0,1.0,26.1,26.02,4017.2,4013.2
4800.0,E0_1000m,E0,1000,1.0,1.0,25.99,25.91,4012.0,4008.4
4800.0,E0_1100m,E0,1100,1.0,1.0,25.89,25.78,4014.8,4008.4
4800.0,E0_1200m,E0,1200,1.0,1.0,25.78,25.66,4015.6,4013.6
4800.0,E0_1300m,E0,1300,1.0,1.0,25.64,25.58,4017.2,4011.6
4800.0,E0_1400m,E0,1400,1.0,1.0,25.48,25.5,4028.0,4020.8
4800.0,E0_1500m,E0,1500,0.99,1.0,25.24,25.44,4036.4,4034.4
4800.0,E0_1600m,E0,1600,0.98,1.0,24.91,25.37,4044.8,4037.6
4800.0,E0_1700m,E0,1700,0.97,1.0,24.49,25.32,4042.8,4036.0
4800.0,E0_1800m,E0,1800,0.95,1.0,23.94,25.27,4043.6,4038.4
4800.0,E0_1900m,E0,1900,0.92,1.0,23.28,25.21,4043.6,4040.8
4800.0,E0_2000m,E0,2000,0.9,1.0,22.6,25.15,4044.8,4047.6
4800.0,E0_2100m,E0,2100,0.87,1.0,21.91,25.08,4041.6,4048.8
4800.0,E0_2200m,E0,2200,0.85,1.0,21.19,25.01,4037.6,4049.6
4800.0,E0_2300m,E0,2300,0.82,1.0,20.39,24.94,4030.8,4043.6
4800.0,E0_2400m,E0,2400,0.78,1.0,19.5,24.89,4036.0,4046.0
4800.0,E0_2500m,E0,2500,0.75,1.0,18.53,24.83,4040.4,4046.0
4800.0,E0_2600m,E0,2600,0.71,1.0,17.51,24.79,4039.2,4051.6
4800.0,E0_2700m,E0,2700,0.67,1.0,16.6,24.75,4039.2,4054.8
4800.0,E0_2800m,E0,2800,0.64,0.99,15.78,24.71,4038.8,4060.8
4800.0,E0_2900m,E0,2900,0.6,1.0,14.9,24.65,4038.8,4056.4
4800.0,E0_3000m,E0,3000,0.55,1.0,13.64,24.61,4040.0,4045.6
4800.0,E0_3100m,E0,3100,0.55,1.0,13.46,24.57,4040.0,4040.0
4800.0,E0_3200m,E0,3200,0.55,1.0,13.43,24.54,4047.2,4048.8
4800.0,E0_3300m,E0,3300,0.55,1.0,13.41,24.51,4046.0,4050.4
4800.0,E0_3400m,E0,3400,0.55,1.0,13.41,24.47,4042.4,4052.4
4800.0,E0_3500m,E0,3500,0.55,1.0,13.41,24.43,4040.8,4050.4
4800.0,E0_3600m,E0,3600,0.55,1.0,13.4,24.4,4037.2,4053.6
4800.0,E0_3700m,E0,3700,0.55,0.99,13.4,24.39,4031.6,4055.6
4800.0,E0_3800m,E0,3800,0.55,0.99,13.4,24.39,4027.6,4049.6
4800.0,E0_3900m,E0,3900,0.55,1.0,13.4,24.39,4030.4,4043.2
4800.0,E0_4000m,E0,4000,0.61,1.0,14.92,24.39,4030.8,4038.8
4800.0,E0_4100m,E0,4100,1.04,1.0,25.44,24.38,4034.0,4027.6
4800.0,E0_4200m,E0,4200,1.14,1.0,27.72,24.38,4028.8,4022.0
4800.0,E0_4300m,E0,4300,1.14,1.0,27.72,24.38,4031.6,4015.2
4800.0,E0_4400m,E0,4400,1.13,1.01,27.5,24.38,4032.4,4012.0
4800.0,E0_4500m,E0,4500,1.12,1.01,27.31,24.39,4028.8,4008.0
4800.0,E0_4600m,E0,4600,1.11,1.01,27.14,24.41,4026.0,4002.4
4800.0,E0_4700m,E0,4700,1.1,1.01,26.97,24.44,4032.0,4007.2
4800.0,E0_4800m,E0,4800,1.1,1.01,26.83,24.48,4032.0,4008.4
4800.0,E0_4900m,E0,4900,1.09,1.0,26.71,24.52,4030.4,4017.6
4800.0,E0_5000m,E0,5000,1.08,1.0,26.61,24.59,4022.4,4027.2
5100.0,E0_0m,E0,0,-1.0,1.0,-1.0,-1.0,0.0,0.0
5100.0,E0_100m,E0,100,0.95,1.0,25.51,26.9,3974.4,3973.6
5100.0,E0_200m,E0,200,0.98,1.0,26.52,27.04,3970.0,3971.6
5100.0,E0_300m,E0,300,0.99,1.0,26.71,26.95,3974.8,3972.8
5100.0,E0_400m,E0,400,1.0,1.0,26.72,26.82,3975.2,3969.2
5100.0,E0_500m,E0,500,1.0,1.0,26.67,26.68,3971.6,3968.0
5100.0,E0_600m,E0,600,1.0,1.0,26.59,26.54,3974.0,3973.2
5100.0,E0_700m,E0,700,1.0,1.0,26.5,26.41,3980.4,3977.6
5100.0,E0_800m,E0,800,1.0,1.0,26.4,26.28,3979.6,3986.4
5100.0,E0_900m,E0,900,1.01,1.0,26.3,26.16,3988.8,3991.2
5100.0,E0_1000m,E0,1000,1.01,1.0,26.19,26.04,3991.2,3994.0
5100.0,E0_1100m,E0,1100,1.01,1.0,26.09,25.95,3996.8,3998.8
5100.0,E0_1200m,E0,1200,1.0,1.0,25.96,25.83,3994.8,3996.8
5100.0,E0_1300m,E0,1300,1.0,1.0,25.83,25.73,3990.4,3992.4
5100.0,E0_1400m,E0,1400,1.0,1.0,25.7,25.65,3980.4,3986.0
5100.0,E0_1500m,E0,1500,1.0,1.0,25.53,25.56,3980.0,3980.8
5100.0,E0_1600m,E0,1600,0.99,1.0,25.32,25.49,3981.6,3982.0
5100.0,E0_1700m,E0,1700,0.98,1.0,25.03,25.42,3985.2,3984.8
5100.0,E0_1800m,E0,1800,0.97,1.0,24.64,25.33,3987.6,3986.4
5100.0,E0_1900m,E0,1900,0.96,1.0,24.15,25.26,3994.8,3990.8
5100.0,E0_2000m,E0,2000,0.93,1.0,23.53,25.22,3990.8,3979.6
5100.0,E0_2100m,E0,2100,0.91,1.0,22.79,25.18,3991.2,3974.0
5100.0,E0_2200m,E0,2200,0.87,1.01,21.96,25.16,3988.4,3967.6
5100.0,E0_2300m,E0,2300,0.84,1.01,21.02,25.13,3994.0,3968.8
5100.0,E0_2400m,E0,2400,0.8,1.01,19.99,25.11,3994.0,3960.4
5100.0,E0_2500m,E0,2500,0.75,1.01,18.93,25.1,3993.6,3958.4
5100.0,E0_2600m,E0,2600,0.71,1.01,17.9,25.08,3997.6,3951.6
5100.0,E0_2700m,E0,2700,0.68,1.01,16.94,25.07,3992.4,3942.4
5100.0,E0_2800m,E0,2800,0.64,1.02,15.99,25.06,3998.4,3930.8
5100.0,E0_2900m,E0,2900,0.6,1.02,15.03,25.05,3996.0,3922.8
5100.0,E0_3000m,E0,3000,0.55,1.02,13.68,25.02,4002.0,3926.8
5100.0,E0_3100m,E0,3100,0.54,1.02,13.47,25.0,4002.8,3929.2
5100.0,E0_3200m,E0,3200,0.54,1.02,13.42,24.96,4003.6,3922.8
5100.0,E0_3300m,E0,3300,0.54,1.02,13.41,24.93,4007.2,3928.8
5100.0,E0_3400m,E0,3400,0.54,1.02,13.4,24.91,4008.0,3932.4
5100.0,E0_3500m,E0,3500,0.54,1.02,13.4,24.88,4012.4,3939.2
5100.0,E0_3600m,E0,3600,0.54,1.02,13.4,24.84,4014.0,3954.0
5100.0,E0_3700m,E0,3700,0.54,1.01,13.4,24.8,4016.0,3963.2
5100.0,E0_3800m,E0,3800,0.54,1.01,13.4,24.75,4019.2,3977.2
5100.0,E0_3900m,E0,3900,0.54,1.01,13.4,24.72,4022.0,3992.0
5100.0,E0_4000m,E0,4000,0.6,1.01,14.92,24.69,4022.0,3995.6
5100.0,E0_4100m,E0,4100,1.03,1.0,25.46,24.67,4022.8,4004.4
5100.0,E0_4200m,E0,4200,1.13,1.01,27.81,24.63,4034.8,4008.8
5100.0,E0_4300m,E0,4300,1.13,1.01,27.8,24.61,4038.0,4016.8
5100.0,E0_4400m,E0,4400,1.12,1.0,27.59,24.6,4036.8,4023.6
5100.0,E0_4500m,E0,4500,1.11,1.0,27.37,24.6,4039.6,4034.4
5100.0,E0_4600m,E0,4600,1.1,1.0,27.16,24.61,4046.8,4041.6
5100.0,E0_4700m,E0,4700,1.1,1.0,26.99,24.62,4041.2,4043.2
5100.0,E0_4800m,E0,4800,1.09,1.0,26.84,24.64,4039.6,4049.2
5100.0,E0_4900m,E0,4900,1.08,1.0,26.71,24.67,4037.2,4048.8
5100.0,E0_5000m,E0,5000,1.08,1.0,26.59,24.71,4038.8,4052.0
5400.0,E0_0m,E0,0,-1.0,1.0,-1.0,-1.0,0.0,0.0
5400.0,E0_100m,E0,100,0.94,1.0,25.39,26.9,3983.2,3981.6
5400.0,E0_200m,E0,200,0.97,1.0,26.34,27.03,3991.2,3991.6
5400.0,E0_300m,E0,300,0.98,1.0,26.54,26.97,3990.0,3990.0
5400.0,E0_400m,E0,400,0.99,1.0,26.59,26.84,3989.6,3995.2
5400.0,E0_500m,E0,500,0.99,1.0,26.58,26.72,3989.6,3997.6
5400.0,E0_600m,E0,600,1.0,1.0,26.5,26.58,3993.6,3999.6
5400.0,E0_700m,E0,700,1.0,1.0,26.42,26.44,3994.4,4001.2
5400.0,E0_800m,E0,800,1.0,1.0,26.36,26.33,3995.2,3994.0
5400.0,E0_900m,E0,900,1.0,1.0,26.27,26.24,3984.8,3992.4
5400.0,E0_1000m,E0,1000,1.0,1.0,26.19,26.15,3978.8,3981.2
5400.0,E0_1100m,E0,1100,1.0,1.0,26.12,26.08,3971.2,3974.4
5400.0,E0_1200m,E0,1200,1.0,1.0,26.04,26.0,3978.4,3981.6
5400.0,E0_1300m,E0,1300,1.0,1.0,25.93,25.92,3980.4,3985.6
5400.0,E0_1400m,E0,1400,1.0,1.0,25.8,25.86,3986.4,3990.8
5400.0,E0_1500m,E0,1500,0.99,1.0,25.62,25.79,3986.8,3990.8
5400.0,E0_1600m,E0,1600,0.99,1.0,25.36,25.72,3977.6,3983.6
5400.0,E0_1700m,E0,1700,0.98,1.0,25.04,25.65,3970.0,3976.8
5400.0,E0_1800m,E0,1800,0.96,1.0,24.63,25.58,3960.4,3968.8
5400.0,E0_1900m,E0,1900,0.95,1.0,24.15,25.51,3956.8,3962.4
5400.0,E0_2000m,E0,2000,0.93,1.0,23.63,25.46,3963.2,3969.2
5400.0,E0_2100m,E0,2100,0.91,1.0,22.99,25.39,3972.8,3973.2
5400.0,E0_2200m,E0,2200,0.88,1.0,22.27,25.33,3987.2,3987.6
5400.0,E0_2300m,E0,2300,0.85,1.0,21.45,25.27,3991.2,3994.0
5400.0,E0_2400m,E0,2400,0.81,1.0,20.49,25.22,3992.4,4005.2
5400.0,E0_2500m,E0,2500,0.77,1.0,19.4,25.16,3995.6,4008.4
5400.0,E0_2600m,E0,2600,0.73,1.0,18.21,25.11,3996.4,4011.6
5400.0,E0_2700m,E0,2700,0.68,1.0,17.08,25.06,4002.0,4021.2
5400.0,E0_2800m,E0,2800,0.64,0.99,16.07,25.0,3998.0,4024.8
5400.0,E0_2900m,E0,2900,0.6,0.99,15.08,24.95,3999.6,4031.6
5400.0,E0_3000m,E0,3000,0.55,0.99,13.68,24.91,3994.4,4039.6
5400.0,E0_3100m,E0,3100,0.54,0.99,13.47,24.85,3990.8,4044.0
5400.0,E0_3200m,E0,3200,0.54,0.98,13.42,24.81,3985.6,4046.4
5400.0,E0_3300m,E0,3300,0.54,0.99,13.41,24.77,3986.8,4038.8
5400.0,E0_3400m,E0,3400,0.54,0.99,13.4,24.73,3982.8,4032.8
5400.0,E0_3500m,E0,3500,0.54,0.99,13.4,24.7,3982.0,4034.0
5400.0,E0_3600m,E0,3600,0.54,0.99,13.4,24.67,3976.4,4024.8
5400.0,E0_3700m,E0,3700,0.54,0.99,13.4,24.66,3975.6,4022.4
5400.0,E0_3800m,E0,3800,0.54,0.99,13.4,24.66,3973.6,4016.0
5400.0,E0_3900m,E0,3900,0.54,0.99,13.41,24.65,3973.6,4008.4
5400.0,E0_4000m,E0,4000,0.61,0.99,14.93,24.63,3975.2,4000.0
5400.0,E0_4100m,E0,4100,1.03,0.99,25.42,24.6,3974.4,3995.6
5400.0,E0_4200m,E0,4200,1.13,0.99,27.74,24.59,3962.8,3993.6
5400.0,E0_4300m,E0,4300,1.13,0.99,27.79,24.58,3961.2,3986.8
5400.0,E0_4400m,E0,4400,1.12,1.0,27.61,24.58,3961.6,3972.8
5400.0,E0_4500m,E0,4500,1.12,1.0,27.42,24.6,3960.8,3958.8
5400.0,E0_4600m,E0,4600,1.11,1.0,27.27,24.61,3959.2,3950.4
5400.0,E0_4700m,E0,4700,1.1,1.0,27.14,24.63,3962.4,3944.0
5400.0,E0_4800m,E0,4800,1.1,1.01,27.02,24.64,3970.4,3940.0
5400.0,E0_4900m,E0,4900,1.09,1.01,26.92,24.68,3975.2,3935.2
5400.0,E0_5000m,E0,5000,1.08,1.01,26.81,24.72,3980.4,3926.8
5700.0,E0_0m,E0,0,-1.0,1.0,-1.0,-1.0,0.0,0.0
5700.0,E0_100m,E0,100,0.94,1.0,25.24,26.83,4062.0,4065.2
5700.0,E0_200m,E0,200,0.97,1.0,26.17,26.87,4056.0,4054.4
5700.0,E0_300m,E0,300,0.99,1.0,26.37,26.74,4050.4,4051.2
5700.0,E0_400m,E0,400,0.99,1.0,26.4,26.62,4048.4,4047.2
5700.0,E0_500m,E0,500,0.99,1.0,26.36,26.51,4045.6,4042.0
5700.0,E0_600m,E0,600,1.0,1.0,26.28,26.4,4045.2,4042.4
5700.0,E0_700m,E0,700,1.0,1.0,26.16,26.28,4042.8,4041.2
5700.0,E0_800m,E0,800,1.0,1.0,26.02,26.14,4043.6,4045.6
5700.0,E0_900m,E0,900,0.99,1.0,25.87,26.02,4053.6,4048.4
5700.0,E0_1000m,E0,1000,0.99,1.0,25.73,25.9,4060.8,4061.2
5700.0,E0_1100m,E0,1100,0.99,1.0,25.58,25.78,4061.6,4061.6
5700.0,E0_1200m,E0,1200,0.99,1.0,25.42,25.68,4054.4,4053.2
5700.0,E0_1300m,E0,1300,0.99,1.0,25.27,25.6,4054.0,4055.6
5700.0,E0_1400m,E0,1400,0.98,1.0,25.08,25.52,4046.8,4049.2
5700.0,E0_1500m,E0,1500,0.98,1.0,24.89,25.46,4044.8,4050.4
5700.0,E0_1600m,E0,1600,0.97,1.0,24.68,25.42,4052.4,4060.0
5700.0,E0_1700m,E0,1700,0.96,1.0,24.43,25.39,4059.2,4067.6
5700.0,E0_1800m,E0,1800,0.95,1.0,24.12,25.35,4064.4,4073.2
5700.0,E0_1900m,E0,1900,0.94,1.0,23.74,25.28,4056.4,4072.4
5700.0,E0_2000m,E0,2000,0.92,1.0,23.26,25.22,4048.0,4066.0
5700.0,E0_2100m,E0,2100,0.9,1.0,22.67,25.2,4038.0,4053.6
5700.0,E0_2200m,E0,2200,0.87,1.0,21.94,25.19,4030.4,4043.6
5700.0,E0_2300m,E0,2300,0.84,1.0,21.06,25.19,4024.8,4042.8
5700.0,E0_2400m,E0,2400,0.8,1.0,20.08,25.18,4020.4,4035.2
5700.0,E0_2500m,E0,2500,0.76,0.99,19.05,25.17,4014.4,4035.6
5700.0,E0_2600m,E0,2600,0.72,0.99,18.0,25.16,4006.4,4035.6
5700.0,E0_2700m,E0,2700,0.68,0.99,17.01,25.14,4001.2,4032.8
5700.0,E0_2800m,E0,2800,0.64,0.99,16.08,25.1,3997.6,4028.4
5700.0,E0_2900m,E0,2900,0.6,0.99,15.07,25.07,3996.8,4028.8
5700.0,E0_3000m,E0,3000,0.55,1.0,13.67,25.05,3998.0,4015.2
5700.0,E0_3100m,E0,3100,0.54,1.0,13.47,25.04,3997.6,4005.6
5700.0,E0_3200m,E0,3200,0.54,1.0,13.43,25.04,3996.8,4002.4
5700.0,E0_3300m,E0,3300,0.54,1.0,13.41,25.04,3990.4,4004.8
5700.0,E0_3400m,E0,3400,0.54,1.0,13.4,25.02,3995.2,4014.0
5700.0,E0_3500m,E0,3500,0.54,1.0,13.4,25.0,3998.4,4009.2
5700.0,E0_3600m,E0,3600,0.54,1.0,13.4,24.98,3996.0,4004.8
5700.0,E0_3700m,E0,3700,0.54,1.0,13.4,24.92,3998.0,4002.8
5700.0,E0_3800m,E0,3800,0.54,1.0,13.4,24.9,3995.2,4002.8
5700.0,E0_3900m,E0,3900,0.54,1.0,13.4,24.88,3992.8,4000.4
5700.0,E0_4000m,E0,4000,0.6,0.99,14.94,24.88,3990.8,4016.0
5700.0,E0_4100m,E0,4100,1.02,0.99,25.43,24.86,3990.8,4023.2
5700.0,E0_4200m,E0,4200,1.12,0.99,27.75,24.84,3990.8,4025.6
5700.0,E0_4300m,E0,4300,1.12,0.99,27.75,24.81,3994.8,4028.8
5700.0,E0_4400m,E0,4400,1.11,0.99,27.55,24.78,3993.2,4036.8
5700.0,E0_4500m,E0,4500,1.1,0.99,27.36,24.77,3994.4,4047.6
5700.0,E0_4600m,E0,4600,1.1,0.99,27.2,24.77,3993.6,4050.0
5700.0,E0_4700m,E0,4700,1.09,0.98,27.06,24.77,3990.8,4053.6
5700.0,E0_4800m,E0,4800,1.09,0.98,26.94,24.78,3982.8,4047.6
5700.0,E0_4900m,E0,4900,1.08,0.98,26.83,24.79,3979.6,4042.8
5700.0,E0_5000m,E0,5000,1.08,0.98,26.74,24.83,3972.4,4041.6
6000.0,E0_0m,E0,0,-1.0,1.0,-1.0,-1.0,0.0,0.0
6000.0,E0_100m,E0,100,0.87,0.99,23.38,26.83,3985.2,4038.8
6000.0,E0_200m,E0,200,0.98,0.99,26.55,26.98,3985.2,4042.0
6000.0,E0_300m,E0,300,1.0,0.99,26.91,26.88,3987.6,4040.4
6000.0,E0_400m,E0,400,1.01,0.99,26.87,26.71,3994.0,4042.4
6000.0,E0_500m,E0,500,1.01,0.99,26.73,26.58,3994.4,4048.0
6000.0,E0_600m,E0,600,1.0,0.99,26.6,26.47,3986.0,4044.0
6000.0,E0_700m,E0,700,1.0,0.99,26.47,26.37,3977.6,4031.6
6000.0,E0_800m,E0,800,1.0,0.99,26.31,26.26,3974.8,4026.4
6000.0,E0_900m,E0,900,1.0,0.99,26.15,26.16,3968.8,4018.8
6000.0,E0_1000m,E0,1000,1.0,0.99,25.99,26.07,3967.2,4014.0
6000.0,E0_1100m,E0,1100,0.99,0.99,25.76,26.0,3964.4,4017.6
6000.0,E0_1200m,E0,1200,0.98,0.99,25.41,25.94,3965.2,4017.6
6000.0,E0_1300m,E0,1300,0.96,0.99,24.85,25.84,3962.4,4016.4
6000.0,E0_1400m,E0,1400,0.93,0.98,24.02,25.75,3958.8,4020.0
6000.0,E0_1500m,E0,1500,0.9,0.98,23.02,25.69,3939.2,4024.0
6000.0,E0_1600m,E0,1600,0.85,0.97,21.75,25.63,3903.2,4022.8
6000.0,E0_1700m,E0,1700,0.78,0.95,20.04,25.57,3838.8,4029.2
6000.0,E0_1800m,E0,1800,0.71,0.93,18.01,25.5,3746.8,4032.0
6000.0,E0_1900m,E0,1900,0.61,0.9,15.6,25.43,3636.0,4039.2
6000.0,E0_2000m,E0,2000,0.52,0.86,13.16,25.36,3498.8,4048.8
6000.0,E0_2100m,E0,2100,0.43,0.82,10.97,25.3,3346.4,4057.6
6000.0,E0_2200m,E0,2200,0.36,0.79,9.16,25.23,3186.4,4058.0
6000.0,E0_2300m,E0,2300,0.31,0.75,7.79,25.16,3030.0,4055.6
6000.0,E0_2400m,E0,2400,0.27,0.71,6.71,25.1,2877.2,4063.6
6000.0,E0_2500m,E0,2500,0.23,0.67,5.8,25.06,2724.0,4063.2
6000.0,E0_2600m,E0,2600,0.2,0.64,5.07,25.0,2579.6,4059.2
6000.0,E0_2700m,E0,2700,0.18,0.6,4.5,24.97,2438.8,4061.2
6000.0,E0_2800m,E0,2800,0.16,0.57,4.03,24.93,2305.6,4072.8
6000.0,E0_2900m,E0,2900,0.15,0.53,3.64,24.87,2173.6,4069.2
6000.0,E0_3000m,E0,3000,0.15,0.5,3.74,24.81,2045.2,4076.4
6000.0,E0_3100m,E0,3100,0.2,0.49,4.85,24.77,1997.6,4083.6
6000.0,E0_3200m,E0,3200,0.19,0.48,4.7,24.74,1954.8,4086.4
6000.0,E0_3300m,E0,3300,0.18,0.47,4.56,24.72,1917.6,4087.2
6000.0,E0_3400m,E0,3400,0.18,0.46,4.44,24.71,1874.0,4085.2
6000.0,E0_3500m,E0,3500,0.22,0.45,5.5,24.69,1832.0,4078.4
6000.0,E0_3600m,E0,3600,0.47,0.46,11.65,24.67,1876.4,4071.6
6000.0,E0_3700m,E0,3700,0.52,0.47,12.75,24.66,1917.6,4063.2
6000.0,E0_3800m,E0,3800,0.52,0.49,12.85,24.65,1975.6,4060.8
6000.0,E0_3900m,E0,3900,0.53,0.5,13.0,24.63,2028.4,4060.0
6000.0,E0_4000m,E0,4000,0.59,0.51,14.5,24.62,2085.2,4054.8
6000.0,E0_4100m,E0,4100,0.94,0.52,23.17,24.62,2120.8,4049.6
6000.0,E0_4200m,E0,4200,0.98,0.53,24.21,24.61,2148.8,4050.4
6000.0,E0_4300m,E0,4300,1.01,0.54,24.82,24.59,2169.6,4052.0
6000.0,E0_4400m,E0,4400,1.0,0.54,24.58,24.59,2200.0,4049.6
6000.0,E0_4500m,E0,4500,0.99,0.55,24.42,24.6,2225.6,4045.6
6000.0,E0_4600m,E0,4600,0.99,0.56,24.25,24.61,2250.8,4043.6
6000.0,E0_4700m,E0,4700,1.0,0.57,24.68,24.62,2284.0,4040.8
6000.0,E0_4800m,E0,4800,1.0,0.57,24.53,24.64,2312.4,4045.6
6000.0,E0_4900m,E0,4900,1.01,0.58,24.82,24.66,2342.0,4052.8
6000.0,E0_5000m,E0,5000,1.05,0.58,25.97,24.71,2354.4,4046.0
6300.0,E0_0m,E0,0,-1.0,1.0,-1.0,-1.0,0.0,0.0
6300.0,E0_100m,E0,100,0.8,0.97,21.29,26.74,3916.4,4028.0
6300.0,E0_200m,E0,200,0.95,0.97,25.43,26.82,3896.0,4029.6
6300.0,E0_300m,E0,300,0.93,0.96,24.75,26.73,3864.0,4033.6
6300.0,E0_400m,E0,400,0.87,0.94,23.05,26.62,3808.0,4034.0
6300.0,E0_500m,E0,500,0.79,0.93,20.86,26.48,3734.4,4027.2
6300.0,E0_600m,E0,600,0.69,0.9,18.13,26.35,3640.4,4027.6
6300.0,E0_700m,E0,700,0.59,0.87,15.44,26.22,3515.2,4034.8
6300.0,E0_800m,E0,800,0.5,0.84,13.02,26.09,3369.2,4033.6
6300.0,E0_900m,E0,900,0.42,0.8,10.87,25.97,3210.4,4032.0
6300.0,E0_1000m,E0,1000,0.35,0.75,8.97,25.86,3042.8,4031.6
6300.0,E0_1100m,E0,1100,0.29,0.72,7.43,25.76,2876.4,4022.4
6300.0,E0_1200m,E0,1200,0.24,0.67,6.27,25.67,2702.0,4025.6
6300.0,E0_1300m,E0,1300,0.21,0.63,5.34,25.61,2538.4,4022.4
6300.0,E0_1400m,E0,1400,0.18,0.59,4.63,25.55,2376.0,4025.2
6300.0,E0_1500m,E0,1500,0.16,0.55,4.04,25.49,2228.4,4026.4
6300.0,E0_1600m,E0,1600,0.14,0.52,3.57,25.44,2094.4,4029.2
6300.0,E0_1700m,E0,1700,0.13,0.49,3.23,25.4,1992.4,4026.4
6300.0,E0_1800m,E0,1800,0.12,0.48,2.99,25.36,1916.8,4030.4
6300.0,E0_1900m,E0,1900,0.11,0.46,2.85,25.3,1868.8,4030.0
6300.0,E0_2000m,E0,2000,0.11,0.46,2.79,25.27,1848.8,4024.8
6300.0,E0_2100m,E0,2100,0.11,0.46,2.77,25.24,1843.2,4024.0
6300.0,E0_2200m,E0,2200,0.11,0.46,2.77,25.21,1844.0,4023.6
6300.0,E0_2300m,E0,2300,0.11,0.46,2.78,25.18,1847.2,4014.4
6300.0,E0_2400m,E0,2400,0.11,0.46,2.78,25.17,1848.4,4003.2
6300.0,E0_2500m,E0,2500,0.11,0.46,2.78,25.14,1851.2,4000.4
6300.0,E0_2600m,E0,2600,0.11,0.46,2.79,25.1,1852.8,4002.4
6300.0,E0_2700m,E0,2700,0.11,0.46,2.8,25.08,1856.8,3997.6
6300.0,E0_2800m,E0,2800,0.11,0.47,2.81,25.05,1859.2,3990.4
6300.0,E0_2900m,E0,2900,0.11,0.46,2.8,25.02,1855.2,3992.4
6300.0,E0_3000m,E0,3000,0.13,0.46,3.24,25.0,1855.2,3991.2
6300.0,E0_3100m,E0,3100,0.17,0.47,4.27,24.96,1862.8,3986.8
6300.0,E0_3200m,E0,3200,0.17,0.47,4.29,24.95,1867.2,3986.8
6300.0,E0_3300m,E0,3300,0.17,0.47,4.27,24.96,1860.0,3982.4
6300.0,E0_3400m,E0,3400,0.17,0.47,4.26,24.94,1849.6,3974.4
6300.0,E0_3500m,E0,3500,0.22,0.46,5.4,24.92,1840.8,3976.8
6300.0,E0_3600m,E0,3600,0.5,0.46,12.52,24.9,1840.0,3985.6
6300.0,E0_3700m,E0,3700,0.56,0.46,13.92,24.88,1848.8,3994.4
6300.0,E0_3800m,E0,3800,0.57,0.46,14.19,24.86,1851.6,4003.6
6300.0,E0_3900m,E0,3900,0.58,0.46,14.32,24.84,1845.6,4011.2
6300.0,E0_4000m,E0,4000,0.62,0.46,15.4,24.81,1846.0,4014.4
6300.0,E0_4100m,E0,4100,1.02,0.46,25.37,24.78,1840.8,4015.2
6300.0,E0_4200m,E0,4200,1.14,0.46,28.13,24.77,1844.4,4011.6
6300.0,E0_4300m,E0,4300,1.14,0.46,28.23,24.75,1846.4,4009.2
6300.0,E0_4400m,E0,4400,1.14,0.46,28.11,24.73,1844.4,4009.2
6300.0,E0_4500m,E0,4500,1.12,0.46,27.72,24.71,1844.4,4010.4
6300.0,E0_4600m,E0,4600,1.11,0.46,27.54,24.71,1845.6,4015.6
6300.0,E0_4700m,E0,4700,1.1,0.46,27.25,24.7,1838.8,4014.0
6300.0,E0_4800m,E0,4800,1.09,0.46,27.0,24.71,1842.0,4017.6
6300.0,E0_4900m,E0,4900,1.08,0.46,26.71,24.74,1841.2,4017.6
6300.0,E0_5000m,E0,5000,1.1,0.46,27.2,24.78,1832.0,4024.0
6600.0,E0_0m,E0,0,-1.0,1.0,-1.0,-1.0,0.0,0.0
6600.0,E0_100m,E0,100,0.2,0.62,5.21,26.71,2514.0,4043.2
6600.0,E0_200m,E0,200,0.17,0.59,4.65,26.81,2364.4,4035.6
6600.0,E0_300m,E0,300,0.15,0.55,4.11,26.69,2225.6,4030.0
6600.0,E0_400m,E0,400,0.14,0.52,3.66,26.55,2104.8,4025.6
6600.0,E0_500m,E0,500,0.13,0.5,3.31,26.44,2007.2,4019.6
6600.0,E0_600m,E0,600,0.12,0.48,3.07,26.33,1935.2,4018.8
6600.0,E0_700m,E0,700,0.11,0.47,2.93,26.22,1896.4,4021.2
6600.0,E0_800m,E0,800,0.11,0.47,2.85,26.1,1875.2,4028.8
6600.0,E0_900m,E0,900,0.11,0.46,2.82,25.96,1863.2,4034.0
6600.0,E0_1000m,E0,1000,0.11,0.46,2.8,25.84,1856.8,4040.0
6600.0,E0_1100m,E0,1100,0.11,0.46,2.79,25.75,1853.2,4040.4
6600.0,E0_1200m,E0,1200,0.11,0.46,2.79,25.66,1856.0,4034.4
6600.0,E0_1300m,E0,1300,0.11,0.46,2.78,25.59,1848.8,4034.4
6600.0,E0_1400m,E0,1400,0.11,0.46,2.77,25.54,1848.4,4028.0
6600.0,E0_1500m,E0,1500,0.11,0.46,2.77,25.49,1845.6,4013.2
6600.0,E0_1600m,E0,1600,0.11,0.46,2.77,25.44,1846.0,4002.0
6600.0,E0_1700m,E0,1700,0.11,0.46,2.78,25.38,1843.6,3992.8
6600.0,E0_1800m,E0,1800,0.11,0.46,2.78,25.3,1846.8,3982.8
6600.0,E0_1900m,E0,1900,0.11,0.46,2.78,25.24,1848.8,3983.2
6600.0,E0_2000m,E0,2000,0.11,0.46,2.79,25.21,1852.0,3992.8
6600.0,E0_2100m,E0,2100,0.11,0.46,2.79,25.15,1850.0,3997.2
6600.0,E0_2200m,E0,2200,0.11,0.46,2.79,25.11,1847.6,4002.8
6600.0,E0_2300m,E0,2300,0.11,0.46,2.78,25.06,1842.4,4009.2
6600.0,E0_2400m,E0,2400,0.11,0.46,2.77,25.02,1842.0,4015.6
6600.0,E0_2500m,E0,2500,0.11,0.46,2.77,24.97,1836.4,4021.6
6600.0,E0_2600m,E0,2600,0.11,0.46,2.75,24.93,1832.4,4026.8
6600.0,E0_2700m,E0,2700,0.11,0.45,2.74,24.92,1825.2,4032.8
6600.0,E0_2800m,E0,2800,0.11,0.45,2.72,24.89,1818.4,4030.8
6600.0,E0_2900m,E0,2900,0.11,0.45,2.72,24.86,1818.8,4033.2
6600.0,E0_3000m,E0,3000,0.13,0.45,3.14,24.84,1814.8,4028.4
6600.0,E0_3100m,E0,3100,0.17,0.45,4.19,24.81,1810.8,4023.2
6600.0,E0_3200m,E0,3200,0.17,0.45,4.19,24.77,1807.6,4022.0
6600.0,E0_3300m,E0,3300,0.17,0.45,4.19,24.73,1805.6,4031.2
6600.0,E0_3400m,E0,3400,0.17,0.45,4.2,24.69,1816.4,4038.0
6600.0,E0_3500m,E0,3500,0.21,0.45,5.28,24.67,1825.2,4046.8
6600.0,E0_3600m,E0,3600,0.51,0.45,12.54,24.63,1826.4,4050.8
6600.0,E0_3700m,E0,3700,0.57,0.45,13.93,24.6,1821.2,4054.0
6600.0,E0_3800m,E0,3800,0.58,0.45,14.17,24.58,1811.6,4048.4
6600.0,E0_3900m,E0,3900,0.59,0.45,14.5,24.56,1818.0,4042.0
6600.0,E0_4000m,E0,4000,0.63,0.45,15.36,24.54,1812.4,4036.0
6600.0,E0_4100m,E0,4100,1.03,0.45,25.4,24.56,1818.0,4036.8
6600.0,E0_4200m,E0,4200,1.15,0.45,28.16,24.56,1816.4,4042.4
6600.0,E0_4300m,E0,4300,1.15,0.45,28.27,24.56,1818.4,4057.2
6600.0,E0_4400m,E0,4400,1.14,0.45,28.06,24.55,1820.0,4068.0
6600.0,E0_4500m,E0,4500,1.13,0.45,27.77,24.55,1819.2,4072.4
6600.0,E0_4600m,E0,4600,1.12,0.45,27.44,24.56,1823.6,4072.0
6600.0,E0_4700m,E0,4700,1.1,0.45,27.11,24.58,1823.2,4070.8
6600.0,E0_4800m,E0,4800,1.09,0.45,26.8,24.62,1818.0,4068.0
6600.0,E0_4900m,E0,4900,1.08,0.45,26.57,24.65,1819.2,4063.6
6600.0,E0_5000m,E0,5000,1.1,0.45,27.1,24.69,1814.8,4060.4
6900.0,E0_0m,E0,0,-1.0,1.0,-1.0,-1.0,0.0,0.0
6900.0,E0_100m,E0,100,0.1,0.46,2.78,26.68,1846.4,4003.2
6900.0,E0_200m,E0,200,0.1,0.46,2.78,26.83,1847.2,4005.6
6900.0,E0_300m,E0,300,0.1,0.46,2.78,26.72,1846.8,4013.2
6900.0,E0_400m,E0,400,0.1,0.46,2.77,26.56,1842.0,4018.8
6900.0,E0_500m,E0,500,0.1,0.46,2.76,26.4,1840.4,4028.0
6900.0,E0_600m,E0,600,0.11,0.46,2.75,26.2,1837.6,4033.6
6900.0,E0_700m,E0,700,0.11,0.45,2.74,26.03,1832.0,4033.6
6900.0,E0_800m,E0,800,0.11,0.45,2.74,25.88,1826.8,4032.8
6900.0,E0_900m,E0,900,0.11,0.45,2.73,25.73,1822.4,4032.4
6900.0,E0_1000m,E0,1000,0.11,0.45,2.72,25.61,1822.8,4023.2
6900.0,E0_1100m,E0,1100,0.11,0.45,2.72,25.47,1822.0,4025.2
6900.0,E0_1200m,E0,1200,0.11,0.45,2.73,25.36,1821.2,4023.6
6900.0,E0_1300m,E0,1300,0.11,0.45,2.73,25.23,1824.4,4025.2
6900.0,E0_1400m,E0,1400,0.11,0.45,2.73,25.13,1826.8,4029.2
6900.0,E0_1500m,E0,1500,0.11,0.45,2.74,25.06,1826.8,4038.0
6900.0,E0_1600m,E0,1600,0.11,0.45,2.73,25.0,1828.4,4040.4
6900.0,E0_1700m,E0,1700,0.11,0.45,2.73,24.94,1829.2,4040.8
6900.0,E0_1800m,E0,1800,0.11,0.45,2.73,24.88,1824.0,4042.8
6900.0,E0_1900m,E0,1900,0.11,0.45,2.72,24.83,1822.8,4038.8
6900.0,E0_2000m,E0,2000,0.11,0.45,2.72,24.78,1818.4,4029.2
6900.0,E0_2100m,E0,2100,0.11,0.45,2.72,24.74,1821.2,4024.4
6900.0,E0_2200m,E0,2200,0.11,0.45,2.72,24.69,1828.4,4020.8
6900.0,E0_2300m,E0,2300,0.11,0.46,2.74,24.64,1831.2,4020.0
6900.0,E0_2400m,E0,2400,0.11,0.46,2.75,24.6,1834.8,4016.4
6900.0,E0_2500m,E0,2500,0.11,0.46,2.76,24.56,1839.6,4009.6
6900.0,E0_2600m,E0,2600,0.11,0.46,2.77,24.52,1842.4,4002.0
6900.0,E0_2700m,E0,2700,0.11,0.46,2.78,24.46,1847.2,4001.6
6900.0,E0_2800m,E0,2800,0.11,0.46,2.79,24.41,1852.8,4004.4
6900.0,E0_2900m,E0,2900,0.11,0.46,2.8,24.37,1854.8,4000.4
6900.0,E0_3000m,E0,3000,0.13,0.46,3.23,24.33,1859.6,4009.6
6900.0,E0_3100m,E0,3100,0.18,0.46,4.27,24.29,1858.0,4026.4
6900.0,E0_3200m,E0,3200,0.18,0.46,4.27,24.25,1852.0,4034.8
6900.0,E0_3300m,E0,3300,0.18,0.46,4.26,24.21,1858.0,4029.2
6900.0,E0_3400m,E0,3400,0.18,0.46,4.25,24.18,1854.0,4029.2
6900.0,E0_3500m,E0,3500,0.22,0.46,5.36,24.18,1846.4,4022.4
6900.0,E0_3600m,E0,3600,0.51,0.46,12.45,24.18,1840.4,4014.0
6900.0,E0_3700m,E0,3700,0.58,0.46,14.12,24.16,1843.2,4008.0
6900.0,E0_3800m,E0,3800,0.57,0.46,13.81,24.15,1851.6,4010.8
6900.0,E0_3900m,E0,3900,0.6,0.46,14.38,24.13,1850.8,4014.4
6900.0,E0_4000m,E0,4000,0.64,0.46,15.38,24.1,1849.6,4016.8
6900.0,E0_4100m,E0,4100,1.05,0.46,25.34,24.08,1849.6,4010.8
6900.0,E0_4200m,E0,4200,1.17,0.46,28.07,24.08,1847.2,4004.8
6900.0,E0_4300m,E0,4300,1.17,0.46,28.17,24.07,1842.4,3985.2
6900.0,E0_4400m,E0,4400,1.16,0.46,27.97,24.08,1843.2,3974.4
6900.0,E0_4500m,E0,4500,1.15,0.47,27.72,24.08,1845.6,3963.6
6900.0,E0_4600m,E0,4600,1.14,0.47,27.43,24.08,1846.4,3956.8
6900.0,E0_4700m,E0,4700,1.13,0.47,27.16,24.11,1852.0,3956.4
6900.0,E0_4800m,E0,4800,1.11,0.47,26.79,24.14,1855.6,3953.2
6900.0,E0_4900m,E0,4900,1.1,0.47,26.5,24.19,1850.4,3949.6
6900.0,E0_5000m,E0,5000,1.12,0.47,27.12,24.25,1837.6,3945.2
7200.0,E0_0m,E0,0,-1.0,1.0,-1.0,-1.0,0.0,0.0
7200.0,E0_100m,E0,100,0.1,0.46,2.73,26.66,1822.0,3991.2
7200.0,E0_200m,E0,200,0.1,0.46,2.73,26.79,1824.4,3993.6
7200.0,E0_300m,E0,300,0.1,0.46,2.74,26.69,1827.6,3991.6
7200.0,E0_400m,E0,400,0.1,0.46,2.74,26.54,1830.8,3990.4
7200.0,E0_500m,E0,500,0.1,0.46,2.75,26.41,1833.6,3988.8
7200.0,E0_600m,E0,600,0.11,0.46,2.76,26.3,1837.6,3988.0
7200.0,E0_700m,E0,700,0.11,0.46,2.77,26.19,1841.2,3984.4
7200.0,E0_800m,E0,800,0.11,0.46,2.78,26.09,1846.0,3983.6
7200.0,E0_900m,E0,900,0.11,0.46,2.79,25.99,1850.4,3989.2
7200.0,E0_1000m,E0,1000,0.11,0.46,2.79,25.9,1852.0,3999.6
7200.0,E0_1100m,E0,1100,0.11,0.46,2.8,25.78,1854.8,3997.2
7200.0,E0_1200m,E0,1200,0.11,0.46,2.8,25.69,1854.4,4006.4
7200.0,E0_1300m,E0,1300,0.11,0.46,2.79,25.59,1853.2,4008.0
7200.0,E0_1400m,E0,1400,0.11,0.46,2.79,25.51,1850.4,4007.2
7200.0,E0_1500m,E0,1500,0.11,0.46,2.79,25.42,1850.8,4010.8
7200.0,E0_1600m,E0,1600,0.11,0.46,2.78,25.32,1848.8,4022.0
7200.0,E0_1700m,E0,1700,0.11,0.46,2.78,25.23,1846.0,4026.8
7200.0,E0_1800m,E0,1800,0.11,0.46,2.78,25.17,1847.2,4030.0
7200.0,E0_1900m,E0,1900,0.11,0.46,2.78,25.12,1847.2,4032.4
7200.0,E0_2000m,E0,2000,0.11,0.46,2.77,25.06,1841.6,4038.8
7200.0,E0_2100m,E0,2100,0.11,0.45,2.76,25.0,1837.6,4045.6
7200.0,E0_2200m,E0,2200,0.11,0.45,2.75,24.94,1829.6,4051.2
7200.0,E0_2300m,E0,2300,0.11,0.45,2.73,24.9,1824.8,4054.4
7200.0,E0_2400m,E0,2400,0.11,0.45,2.72,24.85,1817.6,4053.6
7200.0,E0_2500m,E0,2500,0.11,0.45,2.71,24.81,1817.2,4054.0
7200.0,E0_2600m,E0,2600,0.11,0.45,2.71,24.77,1814.8,4050.4
7200.0,E0_2700m,E0,2700,0.11,0.45,2.71,24.72,1810.8,4040.8
7200.0,E0_2800m,E0,2800,0.11,0.45,2.71,24.66,1810.4,4040.8
7200.0,E0_2900m,E0,2900,0.11,0.45,2.71,24.65,1812.4,4042.0
7200.0,E0_3000m,E0,3000,0.13,0.45,3.16,24.6,1819.6,4038.0
7200.0,E0_3100m,E0,3100,0.17,0.45,4.23,24.56,1817.2,4020.8
7200.0,E0_3200m,E0,3200,0.17,0.45,4.22,24.52,1818.8,4006.0
7200.0,E0_3300m,E0,3300,0.17,0.45,4.23,24.48,1818.4,3998.4
7200.0,E0_3400m,E0,3400,0.17,0.46,4.25,24.45,1822.4,4000.4
7200.0,E0_3500m,E0,3500,0.22,0.46,5.33,24.43,1823.2,4005.6
7200.0,E0_3600m,E0,3600,0.5,0.46,12.32,24.42,1833.2,4005.6
7200.0,E0_3700m,E0,3700,0.56,0.46,13.79,24.41,1830.8,4003.6
7200.0,E0_3800m,E0,3800,0.57,0.46,13.93,24.39,1825.2,4003.6
7200.0,E0_3900m,E0,3900,0.59,0.46,14.44,24.37,1827.6,4003.6
7200.0,E0_4000m,E0,4000,0.64,0.46,15.53,24.36,1830.0,4008.8
7200.0,E0_4100m,E0,4100,1.04,0.46,25.46,24.38,1833.2,4020.8
7200.0,E0_4200m,E0,4200,1.15,0.45,28.16,24.39,1833.6,4032.8
7200.0,E0_4300m,E0,4300,1.16,0.45,28.26,24.38,1835.2,4045.6
7200.0,E0_4400m,E0,4400,1.15,0.45,28.04,24.36,1834.4,4048.8
7200.0,E0_4500m,E0,4500,1.14,0.45,27.81,24.35,1834.4,4052.0
7200.0,E0_4600m,E0,4600,1.13,0.45,27.5,24.35,1827.6,4051.2
7200.0,E0_4700m,E0,4700,1.11,0.45,27.14,24.37,1826.4,4054.4
7200.0,E0_4800m,E0,4800,1.1,0.45,26.91,24.41,1823.6,4051.6
7200.0,E0_4900m,E0,4900,1.09,0.45,26.71,24.47,1825.2,4053.2
7200.0,E0_5000m,E0,5000,1.11,0.45,27.27,24.53,1811.6,4057.2
7500.0,E0_0m,E0,0,-1.0,1.0,-1.0,-1.0,0.0,0.0
7500.0,E0_100m,E0,100,0.1,0.46,2.76,26.96,1835.6,4014.4
7500.0,E0_200m,E0,200,0.1,0.46,2.75,27.05,1829.6,4012.4
7500.0,E0_300m,E0,300,0.1,0.45,2.74,26.94,1823.6,4013.6
7500.0,E0_400m,E0,400,0.1,0.45,2.73,26.81,1822.4,4013.6
7500.0,E0_500m,E0,500,0.1,0.45,2.73,26.69,1819.2,4016.8
7500.0,E0_600m,E0,600,0.1,0.45,2.72,26.55,1816.4,4015.6
7500.0,E0_700m,E0,700,0.1,0.45,2.71,26.42,1815.2,4018.4
7500.0,E0_800m,E0,800,0.1,0.45,2.71,26.31,1813.6,4016.4
7500.0,E0_900m,E0,900,0.1,0.45,2.71,26.23,1814.4,4014.8
7500.0,E0_1000m,E0,1000,0.1,0.45,2.71,26.14,1814.0,4009.2
7500.0,E0_1100m,E0,1100,0.1,0.45,2.72,26.05,1814.8,4014.4
7500.0,E0_1200m,E0,1200,0.1,0.45,2.72,25.96,1818.4,4010.8
7500.0,E0_1300m,E0,1300,0.11,0.45,2.73,25.88,1822.0,4007.6
7500.0,E0_1400m,E0,1400,0.11,0.45,2.73,25.81,1822.8,4006.8
7500.0,E0_1500m,E0,1500,0.11,0.46,2.73,25.74,1821.2,4000.8
7500.0,E0_1600m,E0,1600,0.11,0.46,2.73,25.69,1820.0,3992.8
7500.0,E0_1700m,E0,1700,0.11,0.46,2.73,25.64,1821.6,4000.0
7500.0,E0_1800m,E0,1800,0.11,0.46,2.73,25.58,1823.6,4000.8
7500.0,E0_1900m,E0,1900,0.11,0.46,2.73,25.53,1819.6,3998.8
7500.0,E0_2000m,E0,2000,0.11,0.46,2.73,25.49,1825.6,3997.6
7500.0,E0_2100m,E0,2100,0.11,0.46,2.73,25.46,1826.4,3987.6
7500.0,E0_2200m,E0,2200,0.11,0.46,2.74,25.41,1827.6,3978.4
7500.0,E0_2300m,E0,2300,0.11,0.46,2.75,25.38,1833.6,3984.4
7500.0,E0_2400m,E0,2400,0.11,0.46,2.76,25.34,1838.0,3992.8
7500.0,E0_2500m,E0,2500,0.11,0.46,2.77,25.28,1839.2,3999.2
7500.0,E0_2600m,E0,2600,0.11,0.46,2.77,25.22,1844.4,4010.0
7500.0,E0_2700m,E0,2700,0.11,0.46,2.78,25.17,1850.0,4017.6
7500.0,E0_2800m,E0,2800,0.11,0.46,2.78,25.13,1847.2,4019.6
7500.0,E0_2900m,E0,2900,0.11,0.46,2.77,25.11,1842.0,4021.2
7500.0,E0_3000m,E0,3000,0.13,0.46,3.21,25.08,1835.2,4027.6
7500.0,E0_3100m,E0,3100,0.17,0.46,4.22,25.03,1840.4,4038.4
7500.0,E0_3200m,E0,3200,0.17,0.46,4.24,24.95,1847.2,4047.2
7500.0,E0_3300m,E0,3300,0.17,0.46,4.25,24.91,1848.0,4056.4
7500.0,E0_3400m,E0,3400,0.17,0.46,4.26,24.86,1846.8,4051.2
7500.0,E0_3500m,E0,3500,0.22,0.45,5.46,24.82,1841.6,4048.0
7500.0,E0_3600m,E0,3600,0.5,0.45,12.29,24.8,1837.2,4055.6
7500.0,E0_3700m,E0,3700,0.55,0.45,13.66,24.78,1840.4,4060.4
7500.0,E0_3800m,E0,3800,0.57,0.45,14.21,24.76,1837.6,4055.6
7500.0,E0_3900m,E0,3900,0.58,0.45,14.4,24.74,1836.4,4047.2
7500.0,E0_4000m,E0,4000,0.62,0.45,15.45,24.73,1835.2,4037.2
7500.0,E0_4100m,E0,4100,1.03,0.45,25.41,24.72,1829.6,4028.0
7500.0,E0_4200m,E0,4200,1.14,0.46,28.09,24.72,1831.6,4019.6
7500.0,E0_4300m,E0,4300,1.14,0.46,28.13,24.71,1835.2,4012.0
7500.0,E0_4400m,E0,4400,1.13,0.46,27.98,24.7,1832.4,4008.8
7500.0,E0_4500m,E0,4500,1.12,0.46,27.75,24.7,1832.4,4005.2
7500.0,E0_4600m,E0,4600,1.11,0.46,27.47,24.72,1834.0,4008.0
7500.0,E0_4700m,E0,4700,1.1,0.46,27.2,24.74,1831.2,4006.0
7500.0,E0_4800m,E0,4800,1.09,0.46,26.87,24.76,1841.2,4008.0
7500.0,E0_4900m,E0,4900,1.08,0.46,26.68,24.78,1843.6,4014.8
7500.0,E0_5000m,E0,5000,1.09,0.46,27.16,24.81,1836.8,4018.0
